"","orig.ident","sample_id","MajorCellTypes","case"
"BN0009_Astrocytes_PD","BN0009_Astrocytes_PD","BN0009","Astrocytes","PD"
"BN0009_Endothelial-Cells_PD","BN0009_Endothelial-Cells_PD","BN0009","Endothelial_Cells","PD"
"BN0009_Fibroblast-Like-Cells_PD","BN0009_Fibroblast-Like-Cells_PD","BN0009","Fibroblast_Like_Cells","PD"
"BN0009_GABA-Neurons_PD","BN0009_GABA-Neurons_PD","BN0009","GABA_Neurons","PD"
"BN0009_GLU-Neurons_PD","BN0009_GLU-Neurons_PD","BN0009","GLU_Neurons","PD"
"BN0009_Microglia_PD","BN0009_Microglia_PD","BN0009","Microglia","PD"
"BN0009_Oligodendrocytes_PD","BN0009_Oligodendrocytes_PD","BN0009","Oligodendrocytes","PD"
"BN0009_OPCs_PD","BN0009_OPCs_PD","BN0009","OPCs","PD"
"BN0009_Pericytes_PD","BN0009_Pericytes_PD","BN0009","Pericytes","PD"
"BN0009_T-Cells_PD","BN0009_T-Cells_PD","BN0009","T_Cells","PD"
"BN0329_Astrocytes_PD","BN0329_Astrocytes_PD","BN0329","Astrocytes","PD"
"BN0329_Endothelial-Cells_PD","BN0329_Endothelial-Cells_PD","BN0329","Endothelial_Cells","PD"
"BN0329_Fibroblast-Like-Cells_PD","BN0329_Fibroblast-Like-Cells_PD","BN0329","Fibroblast_Like_Cells","PD"
"BN0329_GABA-Neurons_PD","BN0329_GABA-Neurons_PD","BN0329","GABA_Neurons","PD"
"BN0329_GLU-Neurons_PD","BN0329_GLU-Neurons_PD","BN0329","GLU_Neurons","PD"
"BN0329_Microglia_PD","BN0329_Microglia_PD","BN0329","Microglia","PD"
"BN0329_Oligodendrocytes_PD","BN0329_Oligodendrocytes_PD","BN0329","Oligodendrocytes","PD"
"BN0329_OPCs_PD","BN0329_OPCs_PD","BN0329","OPCs","PD"
"BN0329_Pericytes_PD","BN0329_Pericytes_PD","BN0329","Pericytes","PD"
"BN0329_T-Cells_PD","BN0329_T-Cells_PD","BN0329","T_Cells","PD"
"BN0339_Astrocytes_HC","BN0339_Astrocytes_HC","BN0339","Astrocytes","HC"
"BN0339_Endothelial-Cells_HC","BN0339_Endothelial-Cells_HC","BN0339","Endothelial_Cells","HC"
"BN0339_Fibroblast-Like-Cells_HC","BN0339_Fibroblast-Like-Cells_HC","BN0339","Fibroblast_Like_Cells","HC"
"BN0339_GABA-Neurons_HC","BN0339_GABA-Neurons_HC","BN0339","GABA_Neurons","HC"
"BN0339_GLU-Neurons_HC","BN0339_GLU-Neurons_HC","BN0339","GLU_Neurons","HC"
"BN0339_Microglia_HC","BN0339_Microglia_HC","BN0339","Microglia","HC"
"BN0339_Oligodendrocytes_HC","BN0339_Oligodendrocytes_HC","BN0339","Oligodendrocytes","HC"
"BN0339_OPCs_HC","BN0339_OPCs_HC","BN0339","OPCs","HC"
"BN0339_Pericytes_HC","BN0339_Pericytes_HC","BN0339","Pericytes","HC"
"BN0341_Astrocytes_HC","BN0341_Astrocytes_HC","BN0341","Astrocytes","HC"
"BN0341_Endothelial-Cells_HC","BN0341_Endothelial-Cells_HC","BN0341","Endothelial_Cells","HC"
"BN0341_Fibroblast-Like-Cells_HC","BN0341_Fibroblast-Like-Cells_HC","BN0341","Fibroblast_Like_Cells","HC"
"BN0341_GABA-Neurons_HC","BN0341_GABA-Neurons_HC","BN0341","GABA_Neurons","HC"
"BN0341_GLU-Neurons_HC","BN0341_GLU-Neurons_HC","BN0341","GLU_Neurons","HC"
"BN0341_Microglia_HC","BN0341_Microglia_HC","BN0341","Microglia","HC"
"BN0341_Oligodendrocytes_HC","BN0341_Oligodendrocytes_HC","BN0341","Oligodendrocytes","HC"
"BN0341_OPCs_HC","BN0341_OPCs_HC","BN0341","OPCs","HC"
"BN0341_Pericytes_HC","BN0341_Pericytes_HC","BN0341","Pericytes","HC"
"BN0341_T-Cells_HC","BN0341_T-Cells_HC","BN0341","T_Cells","HC"
"BN0347_Astrocytes_HC","BN0347_Astrocytes_HC","BN0347","Astrocytes","HC"
"BN0347_Endothelial-Cells_HC","BN0347_Endothelial-Cells_HC","BN0347","Endothelial_Cells","HC"
"BN0347_Fibroblast-Like-Cells_HC","BN0347_Fibroblast-Like-Cells_HC","BN0347","Fibroblast_Like_Cells","HC"
"BN0347_GABA-Neurons_HC","BN0347_GABA-Neurons_HC","BN0347","GABA_Neurons","HC"
"BN0347_GLU-Neurons_HC","BN0347_GLU-Neurons_HC","BN0347","GLU_Neurons","HC"
"BN0347_Microglia_HC","BN0347_Microglia_HC","BN0347","Microglia","HC"
"BN0347_Oligodendrocytes_HC","BN0347_Oligodendrocytes_HC","BN0347","Oligodendrocytes","HC"
"BN0347_OPCs_HC","BN0347_OPCs_HC","BN0347","OPCs","HC"
"BN0347_Pericytes_HC","BN0347_Pericytes_HC","BN0347","Pericytes","HC"
"BN0348_Astrocytes_PD","BN0348_Astrocytes_PD","BN0348","Astrocytes","PD"
"BN0348_Endothelial-Cells_PD","BN0348_Endothelial-Cells_PD","BN0348","Endothelial_Cells","PD"
"BN0348_Fibroblast-Like-Cells_PD","BN0348_Fibroblast-Like-Cells_PD","BN0348","Fibroblast_Like_Cells","PD"
"BN0348_GABA-Neurons_PD","BN0348_GABA-Neurons_PD","BN0348","GABA_Neurons","PD"
"BN0348_GLU-Neurons_PD","BN0348_GLU-Neurons_PD","BN0348","GLU_Neurons","PD"
"BN0348_Microglia_PD","BN0348_Microglia_PD","BN0348","Microglia","PD"
"BN0348_Oligodendrocytes_PD","BN0348_Oligodendrocytes_PD","BN0348","Oligodendrocytes","PD"
"BN0348_OPCs_PD","BN0348_OPCs_PD","BN0348","OPCs","PD"
"BN0348_Pericytes_PD","BN0348_Pericytes_PD","BN0348","Pericytes","PD"
"BN0348_T-Cells_PD","BN0348_T-Cells_PD","BN0348","T_Cells","PD"
"BN0415_Astrocytes_ILB","BN0415_Astrocytes_ILB","BN0415","Astrocytes","ILB"
"BN0415_Endothelial-Cells_ILB","BN0415_Endothelial-Cells_ILB","BN0415","Endothelial_Cells","ILB"
"BN0415_Fibroblast-Like-Cells_ILB","BN0415_Fibroblast-Like-Cells_ILB","BN0415","Fibroblast_Like_Cells","ILB"
"BN0415_GABA-Neurons_ILB","BN0415_GABA-Neurons_ILB","BN0415","GABA_Neurons","ILB"
"BN0415_GLU-Neurons_ILB","BN0415_GLU-Neurons_ILB","BN0415","GLU_Neurons","ILB"
"BN0415_Microglia_ILB","BN0415_Microglia_ILB","BN0415","Microglia","ILB"
"BN0415_Oligodendrocytes_ILB","BN0415_Oligodendrocytes_ILB","BN0415","Oligodendrocytes","ILB"
"BN0415_OPCs_ILB","BN0415_OPCs_ILB","BN0415","OPCs","ILB"
"BN0415_Pericytes_ILB","BN0415_Pericytes_ILB","BN0415","Pericytes","ILB"
"BN0415_T-Cells_ILB","BN0415_T-Cells_ILB","BN0415","T_Cells","ILB"
"BN0452_Astrocytes_HC","BN0452_Astrocytes_HC","BN0452","Astrocytes","HC"
"BN0452_Endothelial-Cells_HC","BN0452_Endothelial-Cells_HC","BN0452","Endothelial_Cells","HC"
"BN0452_Fibroblast-Like-Cells_HC","BN0452_Fibroblast-Like-Cells_HC","BN0452","Fibroblast_Like_Cells","HC"
"BN0452_GABA-Neurons_HC","BN0452_GABA-Neurons_HC","BN0452","GABA_Neurons","HC"
"BN0452_GLU-Neurons_HC","BN0452_GLU-Neurons_HC","BN0452","GLU_Neurons","HC"
"BN0452_Microglia_HC","BN0452_Microglia_HC","BN0452","Microglia","HC"
"BN0452_Oligodendrocytes_HC","BN0452_Oligodendrocytes_HC","BN0452","Oligodendrocytes","HC"
"BN0452_OPCs_HC","BN0452_OPCs_HC","BN0452","OPCs","HC"
"BN0452_Pericytes_HC","BN0452_Pericytes_HC","BN0452","Pericytes","HC"
"BN0452_T-Cells_HC","BN0452_T-Cells_HC","BN0452","T_Cells","HC"
"BN0464_Astrocytes_ILB","BN0464_Astrocytes_ILB","BN0464","Astrocytes","ILB"
"BN0464_Endothelial-Cells_ILB","BN0464_Endothelial-Cells_ILB","BN0464","Endothelial_Cells","ILB"
"BN0464_Fibroblast-Like-Cells_ILB","BN0464_Fibroblast-Like-Cells_ILB","BN0464","Fibroblast_Like_Cells","ILB"
"BN0464_GABA-Neurons_ILB","BN0464_GABA-Neurons_ILB","BN0464","GABA_Neurons","ILB"
"BN0464_GLU-Neurons_ILB","BN0464_GLU-Neurons_ILB","BN0464","GLU_Neurons","ILB"
"BN0464_Microglia_ILB","BN0464_Microglia_ILB","BN0464","Microglia","ILB"
"BN0464_Oligodendrocytes_ILB","BN0464_Oligodendrocytes_ILB","BN0464","Oligodendrocytes","ILB"
"BN0464_OPCs_ILB","BN0464_OPCs_ILB","BN0464","OPCs","ILB"
"BN0464_Pericytes_ILB","BN0464_Pericytes_ILB","BN0464","Pericytes","ILB"
"BN0464_T-Cells_ILB","BN0464_T-Cells_ILB","BN0464","T_Cells","ILB"
"BN0536_Astrocytes_HC","BN0536_Astrocytes_HC","BN0536","Astrocytes","HC"
"BN0536_Endothelial-Cells_HC","BN0536_Endothelial-Cells_HC","BN0536","Endothelial_Cells","HC"
"BN0536_Fibroblast-Like-Cells_HC","BN0536_Fibroblast-Like-Cells_HC","BN0536","Fibroblast_Like_Cells","HC"
"BN0536_GABA-Neurons_HC","BN0536_GABA-Neurons_HC","BN0536","GABA_Neurons","HC"
"BN0536_GLU-Neurons_HC","BN0536_GLU-Neurons_HC","BN0536","GLU_Neurons","HC"
"BN0536_Microglia_HC","BN0536_Microglia_HC","BN0536","Microglia","HC"
"BN0536_Oligodendrocytes_HC","BN0536_Oligodendrocytes_HC","BN0536","Oligodendrocytes","HC"
"BN0536_OPCs_HC","BN0536_OPCs_HC","BN0536","OPCs","HC"
"BN0536_Pericytes_HC","BN0536_Pericytes_HC","BN0536","Pericytes","HC"
"BN0536_T-Cells_HC","BN0536_T-Cells_HC","BN0536","T_Cells","HC"
"BN0602_Astrocytes_ILB","BN0602_Astrocytes_ILB","BN0602","Astrocytes","ILB"
"BN0602_Endothelial-Cells_ILB","BN0602_Endothelial-Cells_ILB","BN0602","Endothelial_Cells","ILB"
"BN0602_Fibroblast-Like-Cells_ILB","BN0602_Fibroblast-Like-Cells_ILB","BN0602","Fibroblast_Like_Cells","ILB"
"BN0602_GABA-Neurons_ILB","BN0602_GABA-Neurons_ILB","BN0602","GABA_Neurons","ILB"
"BN0602_GLU-Neurons_ILB","BN0602_GLU-Neurons_ILB","BN0602","GLU_Neurons","ILB"
"BN0602_Microglia_ILB","BN0602_Microglia_ILB","BN0602","Microglia","ILB"
"BN0602_Oligodendrocytes_ILB","BN0602_Oligodendrocytes_ILB","BN0602","Oligodendrocytes","ILB"
"BN0602_OPCs_ILB","BN0602_OPCs_ILB","BN0602","OPCs","ILB"
"BN0602_Pericytes_ILB","BN0602_Pericytes_ILB","BN0602","Pericytes","ILB"
"BN0602_T-Cells_ILB","BN0602_T-Cells_ILB","BN0602","T_Cells","ILB"
"BN0615_Astrocytes_HC","BN0615_Astrocytes_HC","BN0615","Astrocytes","HC"
"BN0615_Endothelial-Cells_HC","BN0615_Endothelial-Cells_HC","BN0615","Endothelial_Cells","HC"
"BN0615_Fibroblast-Like-Cells_HC","BN0615_Fibroblast-Like-Cells_HC","BN0615","Fibroblast_Like_Cells","HC"
"BN0615_GABA-Neurons_HC","BN0615_GABA-Neurons_HC","BN0615","GABA_Neurons","HC"
"BN0615_GLU-Neurons_HC","BN0615_GLU-Neurons_HC","BN0615","GLU_Neurons","HC"
"BN0615_Microglia_HC","BN0615_Microglia_HC","BN0615","Microglia","HC"
"BN0615_Oligodendrocytes_HC","BN0615_Oligodendrocytes_HC","BN0615","Oligodendrocytes","HC"
"BN0615_OPCs_HC","BN0615_OPCs_HC","BN0615","OPCs","HC"
"BN0615_Pericytes_HC","BN0615_Pericytes_HC","BN0615","Pericytes","HC"
"BN0635_Astrocytes_HC","BN0635_Astrocytes_HC","BN0635","Astrocytes","HC"
"BN0635_Endothelial-Cells_HC","BN0635_Endothelial-Cells_HC","BN0635","Endothelial_Cells","HC"
"BN0635_Fibroblast-Like-Cells_HC","BN0635_Fibroblast-Like-Cells_HC","BN0635","Fibroblast_Like_Cells","HC"
"BN0635_GABA-Neurons_HC","BN0635_GABA-Neurons_HC","BN0635","GABA_Neurons","HC"
"BN0635_GLU-Neurons_HC","BN0635_GLU-Neurons_HC","BN0635","GLU_Neurons","HC"
"BN0635_Microglia_HC","BN0635_Microglia_HC","BN0635","Microglia","HC"
"BN0635_Oligodendrocytes_HC","BN0635_Oligodendrocytes_HC","BN0635","Oligodendrocytes","HC"
"BN0635_OPCs_HC","BN0635_OPCs_HC","BN0635","OPCs","HC"
"BN0635_Pericytes_HC","BN0635_Pericytes_HC","BN0635","Pericytes","HC"
"BN0635_T-Cells_HC","BN0635_T-Cells_HC","BN0635","T_Cells","HC"
"BN0644_Astrocytes_PD","BN0644_Astrocytes_PD","BN0644","Astrocytes","PD"
"BN0644_Endothelial-Cells_PD","BN0644_Endothelial-Cells_PD","BN0644","Endothelial_Cells","PD"
"BN0644_Fibroblast-Like-Cells_PD","BN0644_Fibroblast-Like-Cells_PD","BN0644","Fibroblast_Like_Cells","PD"
"BN0644_GABA-Neurons_PD","BN0644_GABA-Neurons_PD","BN0644","GABA_Neurons","PD"
"BN0644_GLU-Neurons_PD","BN0644_GLU-Neurons_PD","BN0644","GLU_Neurons","PD"
"BN0644_Microglia_PD","BN0644_Microglia_PD","BN0644","Microglia","PD"
"BN0644_Oligodendrocytes_PD","BN0644_Oligodendrocytes_PD","BN0644","Oligodendrocytes","PD"
"BN0644_OPCs_PD","BN0644_OPCs_PD","BN0644","OPCs","PD"
"BN0644_Pericytes_PD","BN0644_Pericytes_PD","BN0644","Pericytes","PD"
"BN0644_T-Cells_PD","BN0644_T-Cells_PD","BN0644","T_Cells","PD"
"BN0651_Astrocytes_PD","BN0651_Astrocytes_PD","BN0651","Astrocytes","PD"
"BN0651_Endothelial-Cells_PD","BN0651_Endothelial-Cells_PD","BN0651","Endothelial_Cells","PD"
"BN0651_Fibroblast-Like-Cells_PD","BN0651_Fibroblast-Like-Cells_PD","BN0651","Fibroblast_Like_Cells","PD"
"BN0651_GABA-Neurons_PD","BN0651_GABA-Neurons_PD","BN0651","GABA_Neurons","PD"
"BN0651_GLU-Neurons_PD","BN0651_GLU-Neurons_PD","BN0651","GLU_Neurons","PD"
"BN0651_Microglia_PD","BN0651_Microglia_PD","BN0651","Microglia","PD"
"BN0651_Oligodendrocytes_PD","BN0651_Oligodendrocytes_PD","BN0651","Oligodendrocytes","PD"
"BN0651_OPCs_PD","BN0651_OPCs_PD","BN0651","OPCs","PD"
"BN0651_Pericytes_PD","BN0651_Pericytes_PD","BN0651","Pericytes","PD"
"BN0651_T-Cells_PD","BN0651_T-Cells_PD","BN0651","T_Cells","PD"
"BN0655_Astrocytes_PD","BN0655_Astrocytes_PD","BN0655","Astrocytes","PD"
"BN0655_Endothelial-Cells_PD","BN0655_Endothelial-Cells_PD","BN0655","Endothelial_Cells","PD"
"BN0655_Fibroblast-Like-Cells_PD","BN0655_Fibroblast-Like-Cells_PD","BN0655","Fibroblast_Like_Cells","PD"
"BN0655_GABA-Neurons_PD","BN0655_GABA-Neurons_PD","BN0655","GABA_Neurons","PD"
"BN0655_GLU-Neurons_PD","BN0655_GLU-Neurons_PD","BN0655","GLU_Neurons","PD"
"BN0655_Microglia_PD","BN0655_Microglia_PD","BN0655","Microglia","PD"
"BN0655_Oligodendrocytes_PD","BN0655_Oligodendrocytes_PD","BN0655","Oligodendrocytes","PD"
"BN0655_OPCs_PD","BN0655_OPCs_PD","BN0655","OPCs","PD"
"BN0655_Pericytes_PD","BN0655_Pericytes_PD","BN0655","Pericytes","PD"
"BN0662_Astrocytes_PD","BN0662_Astrocytes_PD","BN0662","Astrocytes","PD"
"BN0662_Endothelial-Cells_PD","BN0662_Endothelial-Cells_PD","BN0662","Endothelial_Cells","PD"
"BN0662_Fibroblast-Like-Cells_PD","BN0662_Fibroblast-Like-Cells_PD","BN0662","Fibroblast_Like_Cells","PD"
"BN0662_GABA-Neurons_PD","BN0662_GABA-Neurons_PD","BN0662","GABA_Neurons","PD"
"BN0662_GLU-Neurons_PD","BN0662_GLU-Neurons_PD","BN0662","GLU_Neurons","PD"
"BN0662_Microglia_PD","BN0662_Microglia_PD","BN0662","Microglia","PD"
"BN0662_Oligodendrocytes_PD","BN0662_Oligodendrocytes_PD","BN0662","Oligodendrocytes","PD"
"BN0662_OPCs_PD","BN0662_OPCs_PD","BN0662","OPCs","PD"
"BN0662_Pericytes_PD","BN0662_Pericytes_PD","BN0662","Pericytes","PD"
"BN0662_T-Cells_PD","BN0662_T-Cells_PD","BN0662","T_Cells","PD"
"BN0704_Astrocytes_HC","BN0704_Astrocytes_HC","BN0704","Astrocytes","HC"
"BN0704_Endothelial-Cells_HC","BN0704_Endothelial-Cells_HC","BN0704","Endothelial_Cells","HC"
"BN0704_Fibroblast-Like-Cells_HC","BN0704_Fibroblast-Like-Cells_HC","BN0704","Fibroblast_Like_Cells","HC"
"BN0704_GABA-Neurons_HC","BN0704_GABA-Neurons_HC","BN0704","GABA_Neurons","HC"
"BN0704_GLU-Neurons_HC","BN0704_GLU-Neurons_HC","BN0704","GLU_Neurons","HC"
"BN0704_Microglia_HC","BN0704_Microglia_HC","BN0704","Microglia","HC"
"BN0704_Oligodendrocytes_HC","BN0704_Oligodendrocytes_HC","BN0704","Oligodendrocytes","HC"
"BN0704_OPCs_HC","BN0704_OPCs_HC","BN0704","OPCs","HC"
"BN0704_Pericytes_HC","BN0704_Pericytes_HC","BN0704","Pericytes","HC"
"BN0704_T-Cells_HC","BN0704_T-Cells_HC","BN0704","T_Cells","HC"
"BN0737_Astrocytes_HC","BN0737_Astrocytes_HC","BN0737","Astrocytes","HC"
"BN0737_Endothelial-Cells_HC","BN0737_Endothelial-Cells_HC","BN0737","Endothelial_Cells","HC"
"BN0737_Fibroblast-Like-Cells_HC","BN0737_Fibroblast-Like-Cells_HC","BN0737","Fibroblast_Like_Cells","HC"
"BN0737_GABA-Neurons_HC","BN0737_GABA-Neurons_HC","BN0737","GABA_Neurons","HC"
"BN0737_GLU-Neurons_HC","BN0737_GLU-Neurons_HC","BN0737","GLU_Neurons","HC"
"BN0737_Microglia_HC","BN0737_Microglia_HC","BN0737","Microglia","HC"
"BN0737_Oligodendrocytes_HC","BN0737_Oligodendrocytes_HC","BN0737","Oligodendrocytes","HC"
"BN0737_OPCs_HC","BN0737_OPCs_HC","BN0737","OPCs","HC"
"BN0737_Pericytes_HC","BN0737_Pericytes_HC","BN0737","Pericytes","HC"
"BN0737_T-Cells_HC","BN0737_T-Cells_HC","BN0737","T_Cells","HC"
"BN0746_Astrocytes_HC","BN0746_Astrocytes_HC","BN0746","Astrocytes","HC"
"BN0746_Endothelial-Cells_HC","BN0746_Endothelial-Cells_HC","BN0746","Endothelial_Cells","HC"
"BN0746_Fibroblast-Like-Cells_HC","BN0746_Fibroblast-Like-Cells_HC","BN0746","Fibroblast_Like_Cells","HC"
"BN0746_GABA-Neurons_HC","BN0746_GABA-Neurons_HC","BN0746","GABA_Neurons","HC"
"BN0746_GLU-Neurons_HC","BN0746_GLU-Neurons_HC","BN0746","GLU_Neurons","HC"
"BN0746_Microglia_HC","BN0746_Microglia_HC","BN0746","Microglia","HC"
"BN0746_Oligodendrocytes_HC","BN0746_Oligodendrocytes_HC","BN0746","Oligodendrocytes","HC"
"BN0746_OPCs_HC","BN0746_OPCs_HC","BN0746","OPCs","HC"
"BN0746_Pericytes_HC","BN0746_Pericytes_HC","BN0746","Pericytes","HC"
"BN0746_T-Cells_HC","BN0746_T-Cells_HC","BN0746","T_Cells","HC"
"BN0855_Astrocytes_HC","BN0855_Astrocytes_HC","BN0855","Astrocytes","HC"
"BN0855_Endothelial-Cells_HC","BN0855_Endothelial-Cells_HC","BN0855","Endothelial_Cells","HC"
"BN0855_Fibroblast-Like-Cells_HC","BN0855_Fibroblast-Like-Cells_HC","BN0855","Fibroblast_Like_Cells","HC"
"BN0855_GABA-Neurons_HC","BN0855_GABA-Neurons_HC","BN0855","GABA_Neurons","HC"
"BN0855_GLU-Neurons_HC","BN0855_GLU-Neurons_HC","BN0855","GLU_Neurons","HC"
"BN0855_Microglia_HC","BN0855_Microglia_HC","BN0855","Microglia","HC"
"BN0855_Oligodendrocytes_HC","BN0855_Oligodendrocytes_HC","BN0855","Oligodendrocytes","HC"
"BN0855_OPCs_HC","BN0855_OPCs_HC","BN0855","OPCs","HC"
"BN0855_Pericytes_HC","BN0855_Pericytes_HC","BN0855","Pericytes","HC"
"BN0855_T-Cells_HC","BN0855_T-Cells_HC","BN0855","T_Cells","HC"
"BN0934_Astrocytes_ILB","BN0934_Astrocytes_ILB","BN0934","Astrocytes","ILB"
"BN0934_Endothelial-Cells_ILB","BN0934_Endothelial-Cells_ILB","BN0934","Endothelial_Cells","ILB"
"BN0934_Fibroblast-Like-Cells_ILB","BN0934_Fibroblast-Like-Cells_ILB","BN0934","Fibroblast_Like_Cells","ILB"
"BN0934_GABA-Neurons_ILB","BN0934_GABA-Neurons_ILB","BN0934","GABA_Neurons","ILB"
"BN0934_GLU-Neurons_ILB","BN0934_GLU-Neurons_ILB","BN0934","GLU_Neurons","ILB"
"BN0934_Microglia_ILB","BN0934_Microglia_ILB","BN0934","Microglia","ILB"
"BN0934_Oligodendrocytes_ILB","BN0934_Oligodendrocytes_ILB","BN0934","Oligodendrocytes","ILB"
"BN0934_OPCs_ILB","BN0934_OPCs_ILB","BN0934","OPCs","ILB"
"BN0934_Pericytes_ILB","BN0934_Pericytes_ILB","BN0934","Pericytes","ILB"
"BN0934_T-Cells_ILB","BN0934_T-Cells_ILB","BN0934","T_Cells","ILB"
"BN0952_Astrocytes_PD","BN0952_Astrocytes_PD","BN0952","Astrocytes","PD"
"BN0952_Endothelial-Cells_PD","BN0952_Endothelial-Cells_PD","BN0952","Endothelial_Cells","PD"
"BN0952_Fibroblast-Like-Cells_PD","BN0952_Fibroblast-Like-Cells_PD","BN0952","Fibroblast_Like_Cells","PD"
"BN0952_GABA-Neurons_PD","BN0952_GABA-Neurons_PD","BN0952","GABA_Neurons","PD"
"BN0952_GLU-Neurons_PD","BN0952_GLU-Neurons_PD","BN0952","GLU_Neurons","PD"
"BN0952_Microglia_PD","BN0952_Microglia_PD","BN0952","Microglia","PD"
"BN0952_Oligodendrocytes_PD","BN0952_Oligodendrocytes_PD","BN0952","Oligodendrocytes","PD"
"BN0952_OPCs_PD","BN0952_OPCs_PD","BN0952","OPCs","PD"
"BN0952_Pericytes_PD","BN0952_Pericytes_PD","BN0952","Pericytes","PD"
"BN0952_T-Cells_PD","BN0952_T-Cells_PD","BN0952","T_Cells","PD"
"BN1022_Astrocytes_HC","BN1022_Astrocytes_HC","BN1022","Astrocytes","HC"
"BN1022_Endothelial-Cells_HC","BN1022_Endothelial-Cells_HC","BN1022","Endothelial_Cells","HC"
"BN1022_Fibroblast-Like-Cells_HC","BN1022_Fibroblast-Like-Cells_HC","BN1022","Fibroblast_Like_Cells","HC"
"BN1022_GABA-Neurons_HC","BN1022_GABA-Neurons_HC","BN1022","GABA_Neurons","HC"
"BN1022_GLU-Neurons_HC","BN1022_GLU-Neurons_HC","BN1022","GLU_Neurons","HC"
"BN1022_Microglia_HC","BN1022_Microglia_HC","BN1022","Microglia","HC"
"BN1022_Oligodendrocytes_HC","BN1022_Oligodendrocytes_HC","BN1022","Oligodendrocytes","HC"
"BN1022_OPCs_HC","BN1022_OPCs_HC","BN1022","OPCs","HC"
"BN1022_Pericytes_HC","BN1022_Pericytes_HC","BN1022","Pericytes","HC"
"BN1022_T-Cells_HC","BN1022_T-Cells_HC","BN1022","T_Cells","HC"
"BN1076_Astrocytes_PD","BN1076_Astrocytes_PD","BN1076","Astrocytes","PD"
"BN1076_Endothelial-Cells_PD","BN1076_Endothelial-Cells_PD","BN1076","Endothelial_Cells","PD"
"BN1076_Fibroblast-Like-Cells_PD","BN1076_Fibroblast-Like-Cells_PD","BN1076","Fibroblast_Like_Cells","PD"
"BN1076_GABA-Neurons_PD","BN1076_GABA-Neurons_PD","BN1076","GABA_Neurons","PD"
"BN1076_GLU-Neurons_PD","BN1076_GLU-Neurons_PD","BN1076","GLU_Neurons","PD"
"BN1076_Microglia_PD","BN1076_Microglia_PD","BN1076","Microglia","PD"
"BN1076_Oligodendrocytes_PD","BN1076_Oligodendrocytes_PD","BN1076","Oligodendrocytes","PD"
"BN1076_OPCs_PD","BN1076_OPCs_PD","BN1076","OPCs","PD"
"BN1076_Pericytes_PD","BN1076_Pericytes_PD","BN1076","Pericytes","PD"
"BN1076_T-Cells_PD","BN1076_T-Cells_PD","BN1076","T_Cells","PD"
"BN1128_Astrocytes_ILB","BN1128_Astrocytes_ILB","BN1128","Astrocytes","ILB"
"BN1128_Endothelial-Cells_ILB","BN1128_Endothelial-Cells_ILB","BN1128","Endothelial_Cells","ILB"
"BN1128_Fibroblast-Like-Cells_ILB","BN1128_Fibroblast-Like-Cells_ILB","BN1128","Fibroblast_Like_Cells","ILB"
"BN1128_GABA-Neurons_ILB","BN1128_GABA-Neurons_ILB","BN1128","GABA_Neurons","ILB"
"BN1128_GLU-Neurons_ILB","BN1128_GLU-Neurons_ILB","BN1128","GLU_Neurons","ILB"
"BN1128_Microglia_ILB","BN1128_Microglia_ILB","BN1128","Microglia","ILB"
"BN1128_Oligodendrocytes_ILB","BN1128_Oligodendrocytes_ILB","BN1128","Oligodendrocytes","ILB"
"BN1128_OPCs_ILB","BN1128_OPCs_ILB","BN1128","OPCs","ILB"
"BN1128_Pericytes_ILB","BN1128_Pericytes_ILB","BN1128","Pericytes","ILB"
"BN1128_T-Cells_ILB","BN1128_T-Cells_ILB","BN1128","T_Cells","ILB"
"BN1144_Astrocytes_HC","BN1144_Astrocytes_HC","BN1144","Astrocytes","HC"
"BN1144_Endothelial-Cells_HC","BN1144_Endothelial-Cells_HC","BN1144","Endothelial_Cells","HC"
"BN1144_Fibroblast-Like-Cells_HC","BN1144_Fibroblast-Like-Cells_HC","BN1144","Fibroblast_Like_Cells","HC"
"BN1144_GABA-Neurons_HC","BN1144_GABA-Neurons_HC","BN1144","GABA_Neurons","HC"
"BN1144_GLU-Neurons_HC","BN1144_GLU-Neurons_HC","BN1144","GLU_Neurons","HC"
"BN1144_Microglia_HC","BN1144_Microglia_HC","BN1144","Microglia","HC"
"BN1144_Oligodendrocytes_HC","BN1144_Oligodendrocytes_HC","BN1144","Oligodendrocytes","HC"
"BN1144_OPCs_HC","BN1144_OPCs_HC","BN1144","OPCs","HC"
"BN1144_Pericytes_HC","BN1144_Pericytes_HC","BN1144","Pericytes","HC"
"BN1144_T-Cells_HC","BN1144_T-Cells_HC","BN1144","T_Cells","HC"
"BN1160_Astrocytes_ILB","BN1160_Astrocytes_ILB","BN1160","Astrocytes","ILB"
"BN1160_Endothelial-Cells_ILB","BN1160_Endothelial-Cells_ILB","BN1160","Endothelial_Cells","ILB"
"BN1160_Fibroblast-Like-Cells_ILB","BN1160_Fibroblast-Like-Cells_ILB","BN1160","Fibroblast_Like_Cells","ILB"
"BN1160_GABA-Neurons_ILB","BN1160_GABA-Neurons_ILB","BN1160","GABA_Neurons","ILB"
"BN1160_GLU-Neurons_ILB","BN1160_GLU-Neurons_ILB","BN1160","GLU_Neurons","ILB"
"BN1160_Microglia_ILB","BN1160_Microglia_ILB","BN1160","Microglia","ILB"
"BN1160_Oligodendrocytes_ILB","BN1160_Oligodendrocytes_ILB","BN1160","Oligodendrocytes","ILB"
"BN1160_OPCs_ILB","BN1160_OPCs_ILB","BN1160","OPCs","ILB"
"BN1160_Pericytes_ILB","BN1160_Pericytes_ILB","BN1160","Pericytes","ILB"
"BN1160_T-Cells_ILB","BN1160_T-Cells_ILB","BN1160","T_Cells","ILB"
"BN1204_Astrocytes_PD","BN1204_Astrocytes_PD","BN1204","Astrocytes","PD"
"BN1204_Endothelial-Cells_PD","BN1204_Endothelial-Cells_PD","BN1204","Endothelial_Cells","PD"
"BN1204_Fibroblast-Like-Cells_PD","BN1204_Fibroblast-Like-Cells_PD","BN1204","Fibroblast_Like_Cells","PD"
"BN1204_GABA-Neurons_PD","BN1204_GABA-Neurons_PD","BN1204","GABA_Neurons","PD"
"BN1204_GLU-Neurons_PD","BN1204_GLU-Neurons_PD","BN1204","GLU_Neurons","PD"
"BN1204_Microglia_PD","BN1204_Microglia_PD","BN1204","Microglia","PD"
"BN1204_Oligodendrocytes_PD","BN1204_Oligodendrocytes_PD","BN1204","Oligodendrocytes","PD"
"BN1204_OPCs_PD","BN1204_OPCs_PD","BN1204","OPCs","PD"
"BN1204_Pericytes_PD","BN1204_Pericytes_PD","BN1204","Pericytes","PD"
"BN1206_Astrocytes_HC","BN1206_Astrocytes_HC","BN1206","Astrocytes","HC"
"BN1206_Endothelial-Cells_HC","BN1206_Endothelial-Cells_HC","BN1206","Endothelial_Cells","HC"
"BN1206_Fibroblast-Like-Cells_HC","BN1206_Fibroblast-Like-Cells_HC","BN1206","Fibroblast_Like_Cells","HC"
"BN1206_GABA-Neurons_HC","BN1206_GABA-Neurons_HC","BN1206","GABA_Neurons","HC"
"BN1206_GLU-Neurons_HC","BN1206_GLU-Neurons_HC","BN1206","GLU_Neurons","HC"
"BN1206_Microglia_HC","BN1206_Microglia_HC","BN1206","Microglia","HC"
"BN1206_Oligodendrocytes_HC","BN1206_Oligodendrocytes_HC","BN1206","Oligodendrocytes","HC"
"BN1206_OPCs_HC","BN1206_OPCs_HC","BN1206","OPCs","HC"
"BN1206_Pericytes_HC","BN1206_Pericytes_HC","BN1206","Pericytes","HC"
"BN1206_T-Cells_HC","BN1206_T-Cells_HC","BN1206","T_Cells","HC"
"BN1221_Astrocytes_HC","BN1221_Astrocytes_HC","BN1221","Astrocytes","HC"
"BN1221_Endothelial-Cells_HC","BN1221_Endothelial-Cells_HC","BN1221","Endothelial_Cells","HC"
"BN1221_Fibroblast-Like-Cells_HC","BN1221_Fibroblast-Like-Cells_HC","BN1221","Fibroblast_Like_Cells","HC"
"BN1221_GABA-Neurons_HC","BN1221_GABA-Neurons_HC","BN1221","GABA_Neurons","HC"
"BN1221_GLU-Neurons_HC","BN1221_GLU-Neurons_HC","BN1221","GLU_Neurons","HC"
"BN1221_Microglia_HC","BN1221_Microglia_HC","BN1221","Microglia","HC"
"BN1221_Oligodendrocytes_HC","BN1221_Oligodendrocytes_HC","BN1221","Oligodendrocytes","HC"
"BN1221_OPCs_HC","BN1221_OPCs_HC","BN1221","OPCs","HC"
"BN1221_Pericytes_HC","BN1221_Pericytes_HC","BN1221","Pericytes","HC"
"BN1221_T-Cells_HC","BN1221_T-Cells_HC","BN1221","T_Cells","HC"
"BN1266_Astrocytes_PD","BN1266_Astrocytes_PD","BN1266","Astrocytes","PD"
"BN1266_Endothelial-Cells_PD","BN1266_Endothelial-Cells_PD","BN1266","Endothelial_Cells","PD"
"BN1266_Fibroblast-Like-Cells_PD","BN1266_Fibroblast-Like-Cells_PD","BN1266","Fibroblast_Like_Cells","PD"
"BN1266_GABA-Neurons_PD","BN1266_GABA-Neurons_PD","BN1266","GABA_Neurons","PD"
"BN1266_GLU-Neurons_PD","BN1266_GLU-Neurons_PD","BN1266","GLU_Neurons","PD"
"BN1266_Microglia_PD","BN1266_Microglia_PD","BN1266","Microglia","PD"
"BN1266_Oligodendrocytes_PD","BN1266_Oligodendrocytes_PD","BN1266","Oligodendrocytes","PD"
"BN1266_OPCs_PD","BN1266_OPCs_PD","BN1266","OPCs","PD"
"BN1266_Pericytes_PD","BN1266_Pericytes_PD","BN1266","Pericytes","PD"
"BN1266_T-Cells_PD","BN1266_T-Cells_PD","BN1266","T_Cells","PD"
"BN1305_Astrocytes_PD","BN1305_Astrocytes_PD","BN1305","Astrocytes","PD"
"BN1305_Endothelial-Cells_PD","BN1305_Endothelial-Cells_PD","BN1305","Endothelial_Cells","PD"
"BN1305_Fibroblast-Like-Cells_PD","BN1305_Fibroblast-Like-Cells_PD","BN1305","Fibroblast_Like_Cells","PD"
"BN1305_GABA-Neurons_PD","BN1305_GABA-Neurons_PD","BN1305","GABA_Neurons","PD"
"BN1305_GLU-Neurons_PD","BN1305_GLU-Neurons_PD","BN1305","GLU_Neurons","PD"
"BN1305_Microglia_PD","BN1305_Microglia_PD","BN1305","Microglia","PD"
"BN1305_Oligodendrocytes_PD","BN1305_Oligodendrocytes_PD","BN1305","Oligodendrocytes","PD"
"BN1305_OPCs_PD","BN1305_OPCs_PD","BN1305","OPCs","PD"
"BN1305_Pericytes_PD","BN1305_Pericytes_PD","BN1305","Pericytes","PD"
"BN1305_T-Cells_PD","BN1305_T-Cells_PD","BN1305","T_Cells","PD"
"BN1308_Astrocytes_ILB","BN1308_Astrocytes_ILB","BN1308","Astrocytes","ILB"
"BN1308_Endothelial-Cells_ILB","BN1308_Endothelial-Cells_ILB","BN1308","Endothelial_Cells","ILB"
"BN1308_Fibroblast-Like-Cells_ILB","BN1308_Fibroblast-Like-Cells_ILB","BN1308","Fibroblast_Like_Cells","ILB"
"BN1308_GABA-Neurons_ILB","BN1308_GABA-Neurons_ILB","BN1308","GABA_Neurons","ILB"
"BN1308_GLU-Neurons_ILB","BN1308_GLU-Neurons_ILB","BN1308","GLU_Neurons","ILB"
"BN1308_Microglia_ILB","BN1308_Microglia_ILB","BN1308","Microglia","ILB"
"BN1308_Oligodendrocytes_ILB","BN1308_Oligodendrocytes_ILB","BN1308","Oligodendrocytes","ILB"
"BN1308_OPCs_ILB","BN1308_OPCs_ILB","BN1308","OPCs","ILB"
"BN1308_Pericytes_ILB","BN1308_Pericytes_ILB","BN1308","Pericytes","ILB"
"BN1308_T-Cells_ILB","BN1308_T-Cells_ILB","BN1308","T_Cells","ILB"
"BN1317_Astrocytes_PD","BN1317_Astrocytes_PD","BN1317","Astrocytes","PD"
"BN1317_Endothelial-Cells_PD","BN1317_Endothelial-Cells_PD","BN1317","Endothelial_Cells","PD"
"BN1317_Fibroblast-Like-Cells_PD","BN1317_Fibroblast-Like-Cells_PD","BN1317","Fibroblast_Like_Cells","PD"
"BN1317_GABA-Neurons_PD","BN1317_GABA-Neurons_PD","BN1317","GABA_Neurons","PD"
"BN1317_GLU-Neurons_PD","BN1317_GLU-Neurons_PD","BN1317","GLU_Neurons","PD"
"BN1317_Microglia_PD","BN1317_Microglia_PD","BN1317","Microglia","PD"
"BN1317_Oligodendrocytes_PD","BN1317_Oligodendrocytes_PD","BN1317","Oligodendrocytes","PD"
"BN1317_OPCs_PD","BN1317_OPCs_PD","BN1317","OPCs","PD"
"BN1317_Pericytes_PD","BN1317_Pericytes_PD","BN1317","Pericytes","PD"
"BN1317_T-Cells_PD","BN1317_T-Cells_PD","BN1317","T_Cells","PD"
"BN1339_Astrocytes_ILB","BN1339_Astrocytes_ILB","BN1339","Astrocytes","ILB"
"BN1339_Endothelial-Cells_ILB","BN1339_Endothelial-Cells_ILB","BN1339","Endothelial_Cells","ILB"
"BN1339_Fibroblast-Like-Cells_ILB","BN1339_Fibroblast-Like-Cells_ILB","BN1339","Fibroblast_Like_Cells","ILB"
"BN1339_GABA-Neurons_ILB","BN1339_GABA-Neurons_ILB","BN1339","GABA_Neurons","ILB"
"BN1339_GLU-Neurons_ILB","BN1339_GLU-Neurons_ILB","BN1339","GLU_Neurons","ILB"
"BN1339_Microglia_ILB","BN1339_Microglia_ILB","BN1339","Microglia","ILB"
"BN1339_Oligodendrocytes_ILB","BN1339_Oligodendrocytes_ILB","BN1339","Oligodendrocytes","ILB"
"BN1339_OPCs_ILB","BN1339_OPCs_ILB","BN1339","OPCs","ILB"
"BN1339_Pericytes_ILB","BN1339_Pericytes_ILB","BN1339","Pericytes","ILB"
"BN1339_T-Cells_ILB","BN1339_T-Cells_ILB","BN1339","T_Cells","ILB"
"BN1340_Astrocytes_HC","BN1340_Astrocytes_HC","BN1340","Astrocytes","HC"
"BN1340_Endothelial-Cells_HC","BN1340_Endothelial-Cells_HC","BN1340","Endothelial_Cells","HC"
"BN1340_Fibroblast-Like-Cells_HC","BN1340_Fibroblast-Like-Cells_HC","BN1340","Fibroblast_Like_Cells","HC"
"BN1340_GABA-Neurons_HC","BN1340_GABA-Neurons_HC","BN1340","GABA_Neurons","HC"
"BN1340_GLU-Neurons_HC","BN1340_GLU-Neurons_HC","BN1340","GLU_Neurons","HC"
"BN1340_Microglia_HC","BN1340_Microglia_HC","BN1340","Microglia","HC"
"BN1340_Oligodendrocytes_HC","BN1340_Oligodendrocytes_HC","BN1340","Oligodendrocytes","HC"
"BN1340_OPCs_HC","BN1340_OPCs_HC","BN1340","OPCs","HC"
"BN1340_Pericytes_HC","BN1340_Pericytes_HC","BN1340","Pericytes","HC"
"BN1340_T-Cells_HC","BN1340_T-Cells_HC","BN1340","T_Cells","HC"
"BN1351_Astrocytes_ILB","BN1351_Astrocytes_ILB","BN1351","Astrocytes","ILB"
"BN1351_Endothelial-Cells_ILB","BN1351_Endothelial-Cells_ILB","BN1351","Endothelial_Cells","ILB"
"BN1351_Fibroblast-Like-Cells_ILB","BN1351_Fibroblast-Like-Cells_ILB","BN1351","Fibroblast_Like_Cells","ILB"
"BN1351_GABA-Neurons_ILB","BN1351_GABA-Neurons_ILB","BN1351","GABA_Neurons","ILB"
"BN1351_GLU-Neurons_ILB","BN1351_GLU-Neurons_ILB","BN1351","GLU_Neurons","ILB"
"BN1351_Microglia_ILB","BN1351_Microglia_ILB","BN1351","Microglia","ILB"
"BN1351_Oligodendrocytes_ILB","BN1351_Oligodendrocytes_ILB","BN1351","Oligodendrocytes","ILB"
"BN1351_OPCs_ILB","BN1351_OPCs_ILB","BN1351","OPCs","ILB"
"BN1351_Pericytes_ILB","BN1351_Pericytes_ILB","BN1351","Pericytes","ILB"
"BN1351_T-Cells_ILB","BN1351_T-Cells_ILB","BN1351","T_Cells","ILB"
"BN1361_Astrocytes_ILB","BN1361_Astrocytes_ILB","BN1361","Astrocytes","ILB"
"BN1361_Endothelial-Cells_ILB","BN1361_Endothelial-Cells_ILB","BN1361","Endothelial_Cells","ILB"
"BN1361_Fibroblast-Like-Cells_ILB","BN1361_Fibroblast-Like-Cells_ILB","BN1361","Fibroblast_Like_Cells","ILB"
"BN1361_GABA-Neurons_ILB","BN1361_GABA-Neurons_ILB","BN1361","GABA_Neurons","ILB"
"BN1361_GLU-Neurons_ILB","BN1361_GLU-Neurons_ILB","BN1361","GLU_Neurons","ILB"
"BN1361_Microglia_ILB","BN1361_Microglia_ILB","BN1361","Microglia","ILB"
"BN1361_Oligodendrocytes_ILB","BN1361_Oligodendrocytes_ILB","BN1361","Oligodendrocytes","ILB"
"BN1361_OPCs_ILB","BN1361_OPCs_ILB","BN1361","OPCs","ILB"
"BN1361_Pericytes_ILB","BN1361_Pericytes_ILB","BN1361","Pericytes","ILB"
"BN1361_T-Cells_ILB","BN1361_T-Cells_ILB","BN1361","T_Cells","ILB"
"BN1412_Astrocytes_PD","BN1412_Astrocytes_PD","BN1412","Astrocytes","PD"
"BN1412_Endothelial-Cells_PD","BN1412_Endothelial-Cells_PD","BN1412","Endothelial_Cells","PD"
"BN1412_Fibroblast-Like-Cells_PD","BN1412_Fibroblast-Like-Cells_PD","BN1412","Fibroblast_Like_Cells","PD"
"BN1412_GABA-Neurons_PD","BN1412_GABA-Neurons_PD","BN1412","GABA_Neurons","PD"
"BN1412_GLU-Neurons_PD","BN1412_GLU-Neurons_PD","BN1412","GLU_Neurons","PD"
"BN1412_Microglia_PD","BN1412_Microglia_PD","BN1412","Microglia","PD"
"BN1412_Oligodendrocytes_PD","BN1412_Oligodendrocytes_PD","BN1412","Oligodendrocytes","PD"
"BN1412_OPCs_PD","BN1412_OPCs_PD","BN1412","OPCs","PD"
"BN1412_Pericytes_PD","BN1412_Pericytes_PD","BN1412","Pericytes","PD"
"BN1424_Astrocytes_ILB","BN1424_Astrocytes_ILB","BN1424","Astrocytes","ILB"
"BN1424_Endothelial-Cells_ILB","BN1424_Endothelial-Cells_ILB","BN1424","Endothelial_Cells","ILB"
"BN1424_Fibroblast-Like-Cells_ILB","BN1424_Fibroblast-Like-Cells_ILB","BN1424","Fibroblast_Like_Cells","ILB"
"BN1424_GABA-Neurons_ILB","BN1424_GABA-Neurons_ILB","BN1424","GABA_Neurons","ILB"
"BN1424_GLU-Neurons_ILB","BN1424_GLU-Neurons_ILB","BN1424","GLU_Neurons","ILB"
"BN1424_Microglia_ILB","BN1424_Microglia_ILB","BN1424","Microglia","ILB"
"BN1424_Oligodendrocytes_ILB","BN1424_Oligodendrocytes_ILB","BN1424","Oligodendrocytes","ILB"
"BN1424_OPCs_ILB","BN1424_OPCs_ILB","BN1424","OPCs","ILB"
"BN1424_Pericytes_ILB","BN1424_Pericytes_ILB","BN1424","Pericytes","ILB"
"BN1424_T-Cells_ILB","BN1424_T-Cells_ILB","BN1424","T_Cells","ILB"
"BN1430_Astrocytes_HC","BN1430_Astrocytes_HC","BN1430","Astrocytes","HC"
"BN1430_Endothelial-Cells_HC","BN1430_Endothelial-Cells_HC","BN1430","Endothelial_Cells","HC"
"BN1430_Fibroblast-Like-Cells_HC","BN1430_Fibroblast-Like-Cells_HC","BN1430","Fibroblast_Like_Cells","HC"
"BN1430_GABA-Neurons_HC","BN1430_GABA-Neurons_HC","BN1430","GABA_Neurons","HC"
"BN1430_GLU-Neurons_HC","BN1430_GLU-Neurons_HC","BN1430","GLU_Neurons","HC"
"BN1430_Microglia_HC","BN1430_Microglia_HC","BN1430","Microglia","HC"
"BN1430_Oligodendrocytes_HC","BN1430_Oligodendrocytes_HC","BN1430","Oligodendrocytes","HC"
"BN1430_OPCs_HC","BN1430_OPCs_HC","BN1430","OPCs","HC"
"BN1430_Pericytes_HC","BN1430_Pericytes_HC","BN1430","Pericytes","HC"
"BN1430_T-Cells_HC","BN1430_T-Cells_HC","BN1430","T_Cells","HC"
"BN1504_Astrocytes_PD","BN1504_Astrocytes_PD","BN1504","Astrocytes","PD"
"BN1504_Endothelial-Cells_PD","BN1504_Endothelial-Cells_PD","BN1504","Endothelial_Cells","PD"
"BN1504_Fibroblast-Like-Cells_PD","BN1504_Fibroblast-Like-Cells_PD","BN1504","Fibroblast_Like_Cells","PD"
"BN1504_GABA-Neurons_PD","BN1504_GABA-Neurons_PD","BN1504","GABA_Neurons","PD"
"BN1504_GLU-Neurons_PD","BN1504_GLU-Neurons_PD","BN1504","GLU_Neurons","PD"
"BN1504_Microglia_PD","BN1504_Microglia_PD","BN1504","Microglia","PD"
"BN1504_Oligodendrocytes_PD","BN1504_Oligodendrocytes_PD","BN1504","Oligodendrocytes","PD"
"BN1504_OPCs_PD","BN1504_OPCs_PD","BN1504","OPCs","PD"
"BN1504_Pericytes_PD","BN1504_Pericytes_PD","BN1504","Pericytes","PD"
"BN1504_T-Cells_PD","BN1504_T-Cells_PD","BN1504","T_Cells","PD"
"BN1506_Astrocytes_PD","BN1506_Astrocytes_PD","BN1506","Astrocytes","PD"
"BN1506_Endothelial-Cells_PD","BN1506_Endothelial-Cells_PD","BN1506","Endothelial_Cells","PD"
"BN1506_Fibroblast-Like-Cells_PD","BN1506_Fibroblast-Like-Cells_PD","BN1506","Fibroblast_Like_Cells","PD"
"BN1506_GABA-Neurons_PD","BN1506_GABA-Neurons_PD","BN1506","GABA_Neurons","PD"
"BN1506_GLU-Neurons_PD","BN1506_GLU-Neurons_PD","BN1506","GLU_Neurons","PD"
"BN1506_Microglia_PD","BN1506_Microglia_PD","BN1506","Microglia","PD"
"BN1506_Oligodendrocytes_PD","BN1506_Oligodendrocytes_PD","BN1506","Oligodendrocytes","PD"
"BN1506_OPCs_PD","BN1506_OPCs_PD","BN1506","OPCs","PD"
"BN1506_Pericytes_PD","BN1506_Pericytes_PD","BN1506","Pericytes","PD"
"BN1506_T-Cells_PD","BN1506_T-Cells_PD","BN1506","T_Cells","PD"
"BN1518_Astrocytes_ILB","BN1518_Astrocytes_ILB","BN1518","Astrocytes","ILB"
"BN1518_Endothelial-Cells_ILB","BN1518_Endothelial-Cells_ILB","BN1518","Endothelial_Cells","ILB"
"BN1518_Fibroblast-Like-Cells_ILB","BN1518_Fibroblast-Like-Cells_ILB","BN1518","Fibroblast_Like_Cells","ILB"
"BN1518_GABA-Neurons_ILB","BN1518_GABA-Neurons_ILB","BN1518","GABA_Neurons","ILB"
"BN1518_GLU-Neurons_ILB","BN1518_GLU-Neurons_ILB","BN1518","GLU_Neurons","ILB"
"BN1518_Microglia_ILB","BN1518_Microglia_ILB","BN1518","Microglia","ILB"
"BN1518_Oligodendrocytes_ILB","BN1518_Oligodendrocytes_ILB","BN1518","Oligodendrocytes","ILB"
"BN1518_OPCs_ILB","BN1518_OPCs_ILB","BN1518","OPCs","ILB"
"BN1518_Pericytes_ILB","BN1518_Pericytes_ILB","BN1518","Pericytes","ILB"
"BN1518_T-Cells_ILB","BN1518_T-Cells_ILB","BN1518","T_Cells","ILB"
"BN1535_Astrocytes_ILB","BN1535_Astrocytes_ILB","BN1535","Astrocytes","ILB"
"BN1535_Endothelial-Cells_ILB","BN1535_Endothelial-Cells_ILB","BN1535","Endothelial_Cells","ILB"
"BN1535_Fibroblast-Like-Cells_ILB","BN1535_Fibroblast-Like-Cells_ILB","BN1535","Fibroblast_Like_Cells","ILB"
"BN1535_GABA-Neurons_ILB","BN1535_GABA-Neurons_ILB","BN1535","GABA_Neurons","ILB"
"BN1535_GLU-Neurons_ILB","BN1535_GLU-Neurons_ILB","BN1535","GLU_Neurons","ILB"
"BN1535_Microglia_ILB","BN1535_Microglia_ILB","BN1535","Microglia","ILB"
"BN1535_Oligodendrocytes_ILB","BN1535_Oligodendrocytes_ILB","BN1535","Oligodendrocytes","ILB"
"BN1535_OPCs_ILB","BN1535_OPCs_ILB","BN1535","OPCs","ILB"
"BN1535_Pericytes_ILB","BN1535_Pericytes_ILB","BN1535","Pericytes","ILB"
"BN1535_T-Cells_ILB","BN1535_T-Cells_ILB","BN1535","T_Cells","ILB"
"BN1546_Astrocytes_HC","BN1546_Astrocytes_HC","BN1546","Astrocytes","HC"
"BN1546_Endothelial-Cells_HC","BN1546_Endothelial-Cells_HC","BN1546","Endothelial_Cells","HC"
"BN1546_Fibroblast-Like-Cells_HC","BN1546_Fibroblast-Like-Cells_HC","BN1546","Fibroblast_Like_Cells","HC"
"BN1546_GABA-Neurons_HC","BN1546_GABA-Neurons_HC","BN1546","GABA_Neurons","HC"
"BN1546_GLU-Neurons_HC","BN1546_GLU-Neurons_HC","BN1546","GLU_Neurons","HC"
"BN1546_Microglia_HC","BN1546_Microglia_HC","BN1546","Microglia","HC"
"BN1546_Oligodendrocytes_HC","BN1546_Oligodendrocytes_HC","BN1546","Oligodendrocytes","HC"
"BN1546_OPCs_HC","BN1546_OPCs_HC","BN1546","OPCs","HC"
"BN1546_Pericytes_HC","BN1546_Pericytes_HC","BN1546","Pericytes","HC"
"BN1546_T-Cells_HC","BN1546_T-Cells_HC","BN1546","T_Cells","HC"
"BN1554_Astrocytes_PD","BN1554_Astrocytes_PD","BN1554","Astrocytes","PD"
"BN1554_Endothelial-Cells_PD","BN1554_Endothelial-Cells_PD","BN1554","Endothelial_Cells","PD"
"BN1554_Fibroblast-Like-Cells_PD","BN1554_Fibroblast-Like-Cells_PD","BN1554","Fibroblast_Like_Cells","PD"
"BN1554_GABA-Neurons_PD","BN1554_GABA-Neurons_PD","BN1554","GABA_Neurons","PD"
"BN1554_GLU-Neurons_PD","BN1554_GLU-Neurons_PD","BN1554","GLU_Neurons","PD"
"BN1554_Microglia_PD","BN1554_Microglia_PD","BN1554","Microglia","PD"
"BN1554_Oligodendrocytes_PD","BN1554_Oligodendrocytes_PD","BN1554","Oligodendrocytes","PD"
"BN1554_OPCs_PD","BN1554_OPCs_PD","BN1554","OPCs","PD"
"BN1554_Pericytes_PD","BN1554_Pericytes_PD","BN1554","Pericytes","PD"
"BN1554_T-Cells_PD","BN1554_T-Cells_PD","BN1554","T_Cells","PD"
"BN1567_Astrocytes_ILB","BN1567_Astrocytes_ILB","BN1567","Astrocytes","ILB"
"BN1567_Endothelial-Cells_ILB","BN1567_Endothelial-Cells_ILB","BN1567","Endothelial_Cells","ILB"
"BN1567_Fibroblast-Like-Cells_ILB","BN1567_Fibroblast-Like-Cells_ILB","BN1567","Fibroblast_Like_Cells","ILB"
"BN1567_GABA-Neurons_ILB","BN1567_GABA-Neurons_ILB","BN1567","GABA_Neurons","ILB"
"BN1567_GLU-Neurons_ILB","BN1567_GLU-Neurons_ILB","BN1567","GLU_Neurons","ILB"
"BN1567_Microglia_ILB","BN1567_Microglia_ILB","BN1567","Microglia","ILB"
"BN1567_Oligodendrocytes_ILB","BN1567_Oligodendrocytes_ILB","BN1567","Oligodendrocytes","ILB"
"BN1567_OPCs_ILB","BN1567_OPCs_ILB","BN1567","OPCs","ILB"
"BN1567_Pericytes_ILB","BN1567_Pericytes_ILB","BN1567","Pericytes","ILB"
"BN1567_T-Cells_ILB","BN1567_T-Cells_ILB","BN1567","T_Cells","ILB"
"BN1578_Astrocytes_HC","BN1578_Astrocytes_HC","BN1578","Astrocytes","HC"
"BN1578_Endothelial-Cells_HC","BN1578_Endothelial-Cells_HC","BN1578","Endothelial_Cells","HC"
"BN1578_Fibroblast-Like-Cells_HC","BN1578_Fibroblast-Like-Cells_HC","BN1578","Fibroblast_Like_Cells","HC"
"BN1578_GABA-Neurons_HC","BN1578_GABA-Neurons_HC","BN1578","GABA_Neurons","HC"
"BN1578_GLU-Neurons_HC","BN1578_GLU-Neurons_HC","BN1578","GLU_Neurons","HC"
"BN1578_Microglia_HC","BN1578_Microglia_HC","BN1578","Microglia","HC"
"BN1578_Oligodendrocytes_HC","BN1578_Oligodendrocytes_HC","BN1578","Oligodendrocytes","HC"
"BN1578_OPCs_HC","BN1578_OPCs_HC","BN1578","OPCs","HC"
"BN1578_Pericytes_HC","BN1578_Pericytes_HC","BN1578","Pericytes","HC"
"BN1578_T-Cells_HC","BN1578_T-Cells_HC","BN1578","T_Cells","HC"
"BN1585_Astrocytes_ILB","BN1585_Astrocytes_ILB","BN1585","Astrocytes","ILB"
"BN1585_Endothelial-Cells_ILB","BN1585_Endothelial-Cells_ILB","BN1585","Endothelial_Cells","ILB"
"BN1585_Fibroblast-Like-Cells_ILB","BN1585_Fibroblast-Like-Cells_ILB","BN1585","Fibroblast_Like_Cells","ILB"
"BN1585_GABA-Neurons_ILB","BN1585_GABA-Neurons_ILB","BN1585","GABA_Neurons","ILB"
"BN1585_GLU-Neurons_ILB","BN1585_GLU-Neurons_ILB","BN1585","GLU_Neurons","ILB"
"BN1585_Microglia_ILB","BN1585_Microglia_ILB","BN1585","Microglia","ILB"
"BN1585_Oligodendrocytes_ILB","BN1585_Oligodendrocytes_ILB","BN1585","Oligodendrocytes","ILB"
"BN1585_OPCs_ILB","BN1585_OPCs_ILB","BN1585","OPCs","ILB"
"BN1585_Pericytes_ILB","BN1585_Pericytes_ILB","BN1585","Pericytes","ILB"
"BN1585_T-Cells_ILB","BN1585_T-Cells_ILB","BN1585","T_Cells","ILB"
"BN1614_Astrocytes_PD","BN1614_Astrocytes_PD","BN1614","Astrocytes","PD"
"BN1614_Endothelial-Cells_PD","BN1614_Endothelial-Cells_PD","BN1614","Endothelial_Cells","PD"
"BN1614_Fibroblast-Like-Cells_PD","BN1614_Fibroblast-Like-Cells_PD","BN1614","Fibroblast_Like_Cells","PD"
"BN1614_GABA-Neurons_PD","BN1614_GABA-Neurons_PD","BN1614","GABA_Neurons","PD"
"BN1614_GLU-Neurons_PD","BN1614_GLU-Neurons_PD","BN1614","GLU_Neurons","PD"
"BN1614_Microglia_PD","BN1614_Microglia_PD","BN1614","Microglia","PD"
"BN1614_Oligodendrocytes_PD","BN1614_Oligodendrocytes_PD","BN1614","Oligodendrocytes","PD"
"BN1614_OPCs_PD","BN1614_OPCs_PD","BN1614","OPCs","PD"
"BN1614_Pericytes_PD","BN1614_Pericytes_PD","BN1614","Pericytes","PD"
"BN1614_T-Cells_PD","BN1614_T-Cells_PD","BN1614","T_Cells","PD"
"BN1644_Astrocytes_PD","BN1644_Astrocytes_PD","BN1644","Astrocytes","PD"
"BN1644_Endothelial-Cells_PD","BN1644_Endothelial-Cells_PD","BN1644","Endothelial_Cells","PD"
"BN1644_Fibroblast-Like-Cells_PD","BN1644_Fibroblast-Like-Cells_PD","BN1644","Fibroblast_Like_Cells","PD"
"BN1644_GABA-Neurons_PD","BN1644_GABA-Neurons_PD","BN1644","GABA_Neurons","PD"
"BN1644_GLU-Neurons_PD","BN1644_GLU-Neurons_PD","BN1644","GLU_Neurons","PD"
"BN1644_Microglia_PD","BN1644_Microglia_PD","BN1644","Microglia","PD"
"BN1644_Oligodendrocytes_PD","BN1644_Oligodendrocytes_PD","BN1644","Oligodendrocytes","PD"
"BN1644_OPCs_PD","BN1644_OPCs_PD","BN1644","OPCs","PD"
"BN1644_Pericytes_PD","BN1644_Pericytes_PD","BN1644","Pericytes","PD"
"BN1644_T-Cells_PD","BN1644_T-Cells_PD","BN1644","T_Cells","PD"
"BN1719_Astrocytes_HC","BN1719_Astrocytes_HC","BN1719","Astrocytes","HC"
"BN1719_Endothelial-Cells_HC","BN1719_Endothelial-Cells_HC","BN1719","Endothelial_Cells","HC"
"BN1719_Fibroblast-Like-Cells_HC","BN1719_Fibroblast-Like-Cells_HC","BN1719","Fibroblast_Like_Cells","HC"
"BN1719_GABA-Neurons_HC","BN1719_GABA-Neurons_HC","BN1719","GABA_Neurons","HC"
"BN1719_GLU-Neurons_HC","BN1719_GLU-Neurons_HC","BN1719","GLU_Neurons","HC"
"BN1719_Microglia_HC","BN1719_Microglia_HC","BN1719","Microglia","HC"
"BN1719_Oligodendrocytes_HC","BN1719_Oligodendrocytes_HC","BN1719","Oligodendrocytes","HC"
"BN1719_OPCs_HC","BN1719_OPCs_HC","BN1719","OPCs","HC"
"BN1719_Pericytes_HC","BN1719_Pericytes_HC","BN1719","Pericytes","HC"
"BN1719_T-Cells_HC","BN1719_T-Cells_HC","BN1719","T_Cells","HC"
"BN1722_Astrocytes_ILB","BN1722_Astrocytes_ILB","BN1722","Astrocytes","ILB"
"BN1722_Endothelial-Cells_ILB","BN1722_Endothelial-Cells_ILB","BN1722","Endothelial_Cells","ILB"
"BN1722_Fibroblast-Like-Cells_ILB","BN1722_Fibroblast-Like-Cells_ILB","BN1722","Fibroblast_Like_Cells","ILB"
"BN1722_GABA-Neurons_ILB","BN1722_GABA-Neurons_ILB","BN1722","GABA_Neurons","ILB"
"BN1722_GLU-Neurons_ILB","BN1722_GLU-Neurons_ILB","BN1722","GLU_Neurons","ILB"
"BN1722_Microglia_ILB","BN1722_Microglia_ILB","BN1722","Microglia","ILB"
"BN1722_Oligodendrocytes_ILB","BN1722_Oligodendrocytes_ILB","BN1722","Oligodendrocytes","ILB"
"BN1722_OPCs_ILB","BN1722_OPCs_ILB","BN1722","OPCs","ILB"
"BN1722_Pericytes_ILB","BN1722_Pericytes_ILB","BN1722","Pericytes","ILB"
"BN1722_T-Cells_ILB","BN1722_T-Cells_ILB","BN1722","T_Cells","ILB"
"BN1726_Astrocytes_ILB","BN1726_Astrocytes_ILB","BN1726","Astrocytes","ILB"
"BN1726_Endothelial-Cells_ILB","BN1726_Endothelial-Cells_ILB","BN1726","Endothelial_Cells","ILB"
"BN1726_Fibroblast-Like-Cells_ILB","BN1726_Fibroblast-Like-Cells_ILB","BN1726","Fibroblast_Like_Cells","ILB"
"BN1726_GABA-Neurons_ILB","BN1726_GABA-Neurons_ILB","BN1726","GABA_Neurons","ILB"
"BN1726_GLU-Neurons_ILB","BN1726_GLU-Neurons_ILB","BN1726","GLU_Neurons","ILB"
"BN1726_Microglia_ILB","BN1726_Microglia_ILB","BN1726","Microglia","ILB"
"BN1726_Oligodendrocytes_ILB","BN1726_Oligodendrocytes_ILB","BN1726","Oligodendrocytes","ILB"
"BN1726_OPCs_ILB","BN1726_OPCs_ILB","BN1726","OPCs","ILB"
"BN1726_Pericytes_ILB","BN1726_Pericytes_ILB","BN1726","Pericytes","ILB"
"BN1726_T-Cells_ILB","BN1726_T-Cells_ILB","BN1726","T_Cells","ILB"
"BN1730_Astrocytes_HC","BN1730_Astrocytes_HC","BN1730","Astrocytes","HC"
"BN1730_Endothelial-Cells_HC","BN1730_Endothelial-Cells_HC","BN1730","Endothelial_Cells","HC"
"BN1730_Fibroblast-Like-Cells_HC","BN1730_Fibroblast-Like-Cells_HC","BN1730","Fibroblast_Like_Cells","HC"
"BN1730_GABA-Neurons_HC","BN1730_GABA-Neurons_HC","BN1730","GABA_Neurons","HC"
"BN1730_GLU-Neurons_HC","BN1730_GLU-Neurons_HC","BN1730","GLU_Neurons","HC"
"BN1730_Microglia_HC","BN1730_Microglia_HC","BN1730","Microglia","HC"
"BN1730_Oligodendrocytes_HC","BN1730_Oligodendrocytes_HC","BN1730","Oligodendrocytes","HC"
"BN1730_OPCs_HC","BN1730_OPCs_HC","BN1730","OPCs","HC"
"BN1730_Pericytes_HC","BN1730_Pericytes_HC","BN1730","Pericytes","HC"
"BN1730_T-Cells_HC","BN1730_T-Cells_HC","BN1730","T_Cells","HC"
"BN1737_Astrocytes_HC","BN1737_Astrocytes_HC","BN1737","Astrocytes","HC"
"BN1737_Endothelial-Cells_HC","BN1737_Endothelial-Cells_HC","BN1737","Endothelial_Cells","HC"
"BN1737_Fibroblast-Like-Cells_HC","BN1737_Fibroblast-Like-Cells_HC","BN1737","Fibroblast_Like_Cells","HC"
"BN1737_GABA-Neurons_HC","BN1737_GABA-Neurons_HC","BN1737","GABA_Neurons","HC"
"BN1737_GLU-Neurons_HC","BN1737_GLU-Neurons_HC","BN1737","GLU_Neurons","HC"
"BN1737_Microglia_HC","BN1737_Microglia_HC","BN1737","Microglia","HC"
"BN1737_Oligodendrocytes_HC","BN1737_Oligodendrocytes_HC","BN1737","Oligodendrocytes","HC"
"BN1737_OPCs_HC","BN1737_OPCs_HC","BN1737","OPCs","HC"
"BN1737_Pericytes_HC","BN1737_Pericytes_HC","BN1737","Pericytes","HC"
"BN1737_T-Cells_HC","BN1737_T-Cells_HC","BN1737","T_Cells","HC"
"BN1741_Astrocytes_ILB","BN1741_Astrocytes_ILB","BN1741","Astrocytes","ILB"
"BN1741_Endothelial-Cells_ILB","BN1741_Endothelial-Cells_ILB","BN1741","Endothelial_Cells","ILB"
"BN1741_Fibroblast-Like-Cells_ILB","BN1741_Fibroblast-Like-Cells_ILB","BN1741","Fibroblast_Like_Cells","ILB"
"BN1741_GABA-Neurons_ILB","BN1741_GABA-Neurons_ILB","BN1741","GABA_Neurons","ILB"
"BN1741_GLU-Neurons_ILB","BN1741_GLU-Neurons_ILB","BN1741","GLU_Neurons","ILB"
"BN1741_Microglia_ILB","BN1741_Microglia_ILB","BN1741","Microglia","ILB"
"BN1741_Oligodendrocytes_ILB","BN1741_Oligodendrocytes_ILB","BN1741","Oligodendrocytes","ILB"
"BN1741_OPCs_ILB","BN1741_OPCs_ILB","BN1741","OPCs","ILB"
"BN1741_Pericytes_ILB","BN1741_Pericytes_ILB","BN1741","Pericytes","ILB"
"BN1741_T-Cells_ILB","BN1741_T-Cells_ILB","BN1741","T_Cells","ILB"
"BN1747_Astrocytes_PD","BN1747_Astrocytes_PD","BN1747","Astrocytes","PD"
"BN1747_Endothelial-Cells_PD","BN1747_Endothelial-Cells_PD","BN1747","Endothelial_Cells","PD"
"BN1747_Fibroblast-Like-Cells_PD","BN1747_Fibroblast-Like-Cells_PD","BN1747","Fibroblast_Like_Cells","PD"
"BN1747_GABA-Neurons_PD","BN1747_GABA-Neurons_PD","BN1747","GABA_Neurons","PD"
"BN1747_GLU-Neurons_PD","BN1747_GLU-Neurons_PD","BN1747","GLU_Neurons","PD"
"BN1747_Microglia_PD","BN1747_Microglia_PD","BN1747","Microglia","PD"
"BN1747_Oligodendrocytes_PD","BN1747_Oligodendrocytes_PD","BN1747","Oligodendrocytes","PD"
"BN1747_OPCs_PD","BN1747_OPCs_PD","BN1747","OPCs","PD"
"BN1747_Pericytes_PD","BN1747_Pericytes_PD","BN1747","Pericytes","PD"
"BN1747_T-Cells_PD","BN1747_T-Cells_PD","BN1747","T_Cells","PD"
"BN1749_Astrocytes_PD","BN1749_Astrocytes_PD","BN1749","Astrocytes","PD"
"BN1749_Endothelial-Cells_PD","BN1749_Endothelial-Cells_PD","BN1749","Endothelial_Cells","PD"
"BN1749_Fibroblast-Like-Cells_PD","BN1749_Fibroblast-Like-Cells_PD","BN1749","Fibroblast_Like_Cells","PD"
"BN1749_GABA-Neurons_PD","BN1749_GABA-Neurons_PD","BN1749","GABA_Neurons","PD"
"BN1749_GLU-Neurons_PD","BN1749_GLU-Neurons_PD","BN1749","GLU_Neurons","PD"
"BN1749_Microglia_PD","BN1749_Microglia_PD","BN1749","Microglia","PD"
"BN1749_Oligodendrocytes_PD","BN1749_Oligodendrocytes_PD","BN1749","Oligodendrocytes","PD"
"BN1749_OPCs_PD","BN1749_OPCs_PD","BN1749","OPCs","PD"
"BN1749_Pericytes_PD","BN1749_Pericytes_PD","BN1749","Pericytes","PD"
"BN1749_T-Cells_PD","BN1749_T-Cells_PD","BN1749","T_Cells","PD"
"BN1752_Astrocytes_ILB","BN1752_Astrocytes_ILB","BN1752","Astrocytes","ILB"
"BN1752_Endothelial-Cells_ILB","BN1752_Endothelial-Cells_ILB","BN1752","Endothelial_Cells","ILB"
"BN1752_Fibroblast-Like-Cells_ILB","BN1752_Fibroblast-Like-Cells_ILB","BN1752","Fibroblast_Like_Cells","ILB"
"BN1752_GABA-Neurons_ILB","BN1752_GABA-Neurons_ILB","BN1752","GABA_Neurons","ILB"
"BN1752_GLU-Neurons_ILB","BN1752_GLU-Neurons_ILB","BN1752","GLU_Neurons","ILB"
"BN1752_Microglia_ILB","BN1752_Microglia_ILB","BN1752","Microglia","ILB"
"BN1752_Oligodendrocytes_ILB","BN1752_Oligodendrocytes_ILB","BN1752","Oligodendrocytes","ILB"
"BN1752_OPCs_ILB","BN1752_OPCs_ILB","BN1752","OPCs","ILB"
"BN1752_Pericytes_ILB","BN1752_Pericytes_ILB","BN1752","Pericytes","ILB"
"BN1752_T-Cells_ILB","BN1752_T-Cells_ILB","BN1752","T_Cells","ILB"
"BN1756_Astrocytes_PD","BN1756_Astrocytes_PD","BN1756","Astrocytes","PD"
"BN1756_Endothelial-Cells_PD","BN1756_Endothelial-Cells_PD","BN1756","Endothelial_Cells","PD"
"BN1756_Fibroblast-Like-Cells_PD","BN1756_Fibroblast-Like-Cells_PD","BN1756","Fibroblast_Like_Cells","PD"
"BN1756_GABA-Neurons_PD","BN1756_GABA-Neurons_PD","BN1756","GABA_Neurons","PD"
"BN1756_GLU-Neurons_PD","BN1756_GLU-Neurons_PD","BN1756","GLU_Neurons","PD"
"BN1756_Microglia_PD","BN1756_Microglia_PD","BN1756","Microglia","PD"
"BN1756_Oligodendrocytes_PD","BN1756_Oligodendrocytes_PD","BN1756","Oligodendrocytes","PD"
"BN1756_OPCs_PD","BN1756_OPCs_PD","BN1756","OPCs","PD"
"BN1756_Pericytes_PD","BN1756_Pericytes_PD","BN1756","Pericytes","PD"
"BN1756_T-Cells_PD","BN1756_T-Cells_PD","BN1756","T_Cells","PD"
"BN1762_Astrocytes_HC","BN1762_Astrocytes_HC","BN1762","Astrocytes","HC"
"BN1762_Endothelial-Cells_HC","BN1762_Endothelial-Cells_HC","BN1762","Endothelial_Cells","HC"
"BN1762_Fibroblast-Like-Cells_HC","BN1762_Fibroblast-Like-Cells_HC","BN1762","Fibroblast_Like_Cells","HC"
"BN1762_GABA-Neurons_HC","BN1762_GABA-Neurons_HC","BN1762","GABA_Neurons","HC"
"BN1762_GLU-Neurons_HC","BN1762_GLU-Neurons_HC","BN1762","GLU_Neurons","HC"
"BN1762_Microglia_HC","BN1762_Microglia_HC","BN1762","Microglia","HC"
"BN1762_Oligodendrocytes_HC","BN1762_Oligodendrocytes_HC","BN1762","Oligodendrocytes","HC"
"BN1762_OPCs_HC","BN1762_OPCs_HC","BN1762","OPCs","HC"
"BN1762_Pericytes_HC","BN1762_Pericytes_HC","BN1762","Pericytes","HC"
"BN1762_T-Cells_HC","BN1762_T-Cells_HC","BN1762","T_Cells","HC"
"BN1805_Astrocytes_PD","BN1805_Astrocytes_PD","BN1805","Astrocytes","PD"
"BN1805_Endothelial-Cells_PD","BN1805_Endothelial-Cells_PD","BN1805","Endothelial_Cells","PD"
"BN1805_Fibroblast-Like-Cells_PD","BN1805_Fibroblast-Like-Cells_PD","BN1805","Fibroblast_Like_Cells","PD"
"BN1805_GABA-Neurons_PD","BN1805_GABA-Neurons_PD","BN1805","GABA_Neurons","PD"
"BN1805_GLU-Neurons_PD","BN1805_GLU-Neurons_PD","BN1805","GLU_Neurons","PD"
"BN1805_Microglia_PD","BN1805_Microglia_PD","BN1805","Microglia","PD"
"BN1805_Oligodendrocytes_PD","BN1805_Oligodendrocytes_PD","BN1805","Oligodendrocytes","PD"
"BN1805_OPCs_PD","BN1805_OPCs_PD","BN1805","OPCs","PD"
"BN1805_Pericytes_PD","BN1805_Pericytes_PD","BN1805","Pericytes","PD"
"BN1805_T-Cells_PD","BN1805_T-Cells_PD","BN1805","T_Cells","PD"
"BN1809_Astrocytes_PD","BN1809_Astrocytes_PD","BN1809","Astrocytes","PD"
"BN1809_Endothelial-Cells_PD","BN1809_Endothelial-Cells_PD","BN1809","Endothelial_Cells","PD"
"BN1809_Fibroblast-Like-Cells_PD","BN1809_Fibroblast-Like-Cells_PD","BN1809","Fibroblast_Like_Cells","PD"
"BN1809_GABA-Neurons_PD","BN1809_GABA-Neurons_PD","BN1809","GABA_Neurons","PD"
"BN1809_GLU-Neurons_PD","BN1809_GLU-Neurons_PD","BN1809","GLU_Neurons","PD"
"BN1809_Microglia_PD","BN1809_Microglia_PD","BN1809","Microglia","PD"
"BN1809_Oligodendrocytes_PD","BN1809_Oligodendrocytes_PD","BN1809","Oligodendrocytes","PD"
"BN1809_OPCs_PD","BN1809_OPCs_PD","BN1809","OPCs","PD"
"BN1809_Pericytes_PD","BN1809_Pericytes_PD","BN1809","Pericytes","PD"
"BN1812_Astrocytes_PD","BN1812_Astrocytes_PD","BN1812","Astrocytes","PD"
"BN1812_Endothelial-Cells_PD","BN1812_Endothelial-Cells_PD","BN1812","Endothelial_Cells","PD"
"BN1812_Fibroblast-Like-Cells_PD","BN1812_Fibroblast-Like-Cells_PD","BN1812","Fibroblast_Like_Cells","PD"
"BN1812_GABA-Neurons_PD","BN1812_GABA-Neurons_PD","BN1812","GABA_Neurons","PD"
"BN1812_GLU-Neurons_PD","BN1812_GLU-Neurons_PD","BN1812","GLU_Neurons","PD"
"BN1812_Microglia_PD","BN1812_Microglia_PD","BN1812","Microglia","PD"
"BN1812_Oligodendrocytes_PD","BN1812_Oligodendrocytes_PD","BN1812","Oligodendrocytes","PD"
"BN1812_OPCs_PD","BN1812_OPCs_PD","BN1812","OPCs","PD"
"BN1812_Pericytes_PD","BN1812_Pericytes_PD","BN1812","Pericytes","PD"
"BN1812_T-Cells_PD","BN1812_T-Cells_PD","BN1812","T_Cells","PD"
"BN1814_Astrocytes_PD","BN1814_Astrocytes_PD","BN1814","Astrocytes","PD"
"BN1814_Endothelial-Cells_PD","BN1814_Endothelial-Cells_PD","BN1814","Endothelial_Cells","PD"
"BN1814_Fibroblast-Like-Cells_PD","BN1814_Fibroblast-Like-Cells_PD","BN1814","Fibroblast_Like_Cells","PD"
"BN1814_GABA-Neurons_PD","BN1814_GABA-Neurons_PD","BN1814","GABA_Neurons","PD"
"BN1814_GLU-Neurons_PD","BN1814_GLU-Neurons_PD","BN1814","GLU_Neurons","PD"
"BN1814_Microglia_PD","BN1814_Microglia_PD","BN1814","Microglia","PD"
"BN1814_Oligodendrocytes_PD","BN1814_Oligodendrocytes_PD","BN1814","Oligodendrocytes","PD"
"BN1814_OPCs_PD","BN1814_OPCs_PD","BN1814","OPCs","PD"
"BN1814_Pericytes_PD","BN1814_Pericytes_PD","BN1814","Pericytes","PD"
"BN1814_T-Cells_PD","BN1814_T-Cells_PD","BN1814","T_Cells","PD"
"BN1817_Astrocytes_HC","BN1817_Astrocytes_HC","BN1817","Astrocytes","HC"
"BN1817_Endothelial-Cells_HC","BN1817_Endothelial-Cells_HC","BN1817","Endothelial_Cells","HC"
"BN1817_Fibroblast-Like-Cells_HC","BN1817_Fibroblast-Like-Cells_HC","BN1817","Fibroblast_Like_Cells","HC"
"BN1817_GABA-Neurons_HC","BN1817_GABA-Neurons_HC","BN1817","GABA_Neurons","HC"
"BN1817_GLU-Neurons_HC","BN1817_GLU-Neurons_HC","BN1817","GLU_Neurons","HC"
"BN1817_Microglia_HC","BN1817_Microglia_HC","BN1817","Microglia","HC"
"BN1817_Oligodendrocytes_HC","BN1817_Oligodendrocytes_HC","BN1817","Oligodendrocytes","HC"
"BN1817_OPCs_HC","BN1817_OPCs_HC","BN1817","OPCs","HC"
"BN1817_Pericytes_HC","BN1817_Pericytes_HC","BN1817","Pericytes","HC"
"BN1817_T-Cells_HC","BN1817_T-Cells_HC","BN1817","T_Cells","HC"
"BN1822_Astrocytes_HC","BN1822_Astrocytes_HC","BN1822","Astrocytes","HC"
"BN1822_Endothelial-Cells_HC","BN1822_Endothelial-Cells_HC","BN1822","Endothelial_Cells","HC"
"BN1822_Fibroblast-Like-Cells_HC","BN1822_Fibroblast-Like-Cells_HC","BN1822","Fibroblast_Like_Cells","HC"
"BN1822_GABA-Neurons_HC","BN1822_GABA-Neurons_HC","BN1822","GABA_Neurons","HC"
"BN1822_GLU-Neurons_HC","BN1822_GLU-Neurons_HC","BN1822","GLU_Neurons","HC"
"BN1822_Microglia_HC","BN1822_Microglia_HC","BN1822","Microglia","HC"
"BN1822_Oligodendrocytes_HC","BN1822_Oligodendrocytes_HC","BN1822","Oligodendrocytes","HC"
"BN1822_OPCs_HC","BN1822_OPCs_HC","BN1822","OPCs","HC"
"BN1822_Pericytes_HC","BN1822_Pericytes_HC","BN1822","Pericytes","HC"
"BN1822_T-Cells_HC","BN1822_T-Cells_HC","BN1822","T_Cells","HC"
"BN1827_Astrocytes_PD","BN1827_Astrocytes_PD","BN1827","Astrocytes","PD"
"BN1827_Endothelial-Cells_PD","BN1827_Endothelial-Cells_PD","BN1827","Endothelial_Cells","PD"
"BN1827_Fibroblast-Like-Cells_PD","BN1827_Fibroblast-Like-Cells_PD","BN1827","Fibroblast_Like_Cells","PD"
"BN1827_GABA-Neurons_PD","BN1827_GABA-Neurons_PD","BN1827","GABA_Neurons","PD"
"BN1827_GLU-Neurons_PD","BN1827_GLU-Neurons_PD","BN1827","GLU_Neurons","PD"
"BN1827_Microglia_PD","BN1827_Microglia_PD","BN1827","Microglia","PD"
"BN1827_Oligodendrocytes_PD","BN1827_Oligodendrocytes_PD","BN1827","Oligodendrocytes","PD"
"BN1827_OPCs_PD","BN1827_OPCs_PD","BN1827","OPCs","PD"
"BN1827_Pericytes_PD","BN1827_Pericytes_PD","BN1827","Pericytes","PD"
"BN1827_T-Cells_PD","BN1827_T-Cells_PD","BN1827","T_Cells","PD"
"BN1836_Astrocytes_ILB","BN1836_Astrocytes_ILB","BN1836","Astrocytes","ILB"
"BN1836_Endothelial-Cells_ILB","BN1836_Endothelial-Cells_ILB","BN1836","Endothelial_Cells","ILB"
"BN1836_Fibroblast-Like-Cells_ILB","BN1836_Fibroblast-Like-Cells_ILB","BN1836","Fibroblast_Like_Cells","ILB"
"BN1836_GABA-Neurons_ILB","BN1836_GABA-Neurons_ILB","BN1836","GABA_Neurons","ILB"
"BN1836_GLU-Neurons_ILB","BN1836_GLU-Neurons_ILB","BN1836","GLU_Neurons","ILB"
"BN1836_Microglia_ILB","BN1836_Microglia_ILB","BN1836","Microglia","ILB"
"BN1836_Oligodendrocytes_ILB","BN1836_Oligodendrocytes_ILB","BN1836","Oligodendrocytes","ILB"
"BN1836_OPCs_ILB","BN1836_OPCs_ILB","BN1836","OPCs","ILB"
"BN1836_Pericytes_ILB","BN1836_Pericytes_ILB","BN1836","Pericytes","ILB"
"BN1839_Astrocytes_PD","BN1839_Astrocytes_PD","BN1839","Astrocytes","PD"
"BN1839_Endothelial-Cells_PD","BN1839_Endothelial-Cells_PD","BN1839","Endothelial_Cells","PD"
"BN1839_Fibroblast-Like-Cells_PD","BN1839_Fibroblast-Like-Cells_PD","BN1839","Fibroblast_Like_Cells","PD"
"BN1839_GABA-Neurons_PD","BN1839_GABA-Neurons_PD","BN1839","GABA_Neurons","PD"
"BN1839_GLU-Neurons_PD","BN1839_GLU-Neurons_PD","BN1839","GLU_Neurons","PD"
"BN1839_Microglia_PD","BN1839_Microglia_PD","BN1839","Microglia","PD"
"BN1839_Oligodendrocytes_PD","BN1839_Oligodendrocytes_PD","BN1839","Oligodendrocytes","PD"
"BN1839_OPCs_PD","BN1839_OPCs_PD","BN1839","OPCs","PD"
"BN1839_Pericytes_PD","BN1839_Pericytes_PD","BN1839","Pericytes","PD"
"BN1839_T-Cells_PD","BN1839_T-Cells_PD","BN1839","T_Cells","PD"
"BN1842_Astrocytes_HC","BN1842_Astrocytes_HC","BN1842","Astrocytes","HC"
"BN1842_Endothelial-Cells_HC","BN1842_Endothelial-Cells_HC","BN1842","Endothelial_Cells","HC"
"BN1842_Fibroblast-Like-Cells_HC","BN1842_Fibroblast-Like-Cells_HC","BN1842","Fibroblast_Like_Cells","HC"
"BN1842_GABA-Neurons_HC","BN1842_GABA-Neurons_HC","BN1842","GABA_Neurons","HC"
"BN1842_GLU-Neurons_HC","BN1842_GLU-Neurons_HC","BN1842","GLU_Neurons","HC"
"BN1842_Microglia_HC","BN1842_Microglia_HC","BN1842","Microglia","HC"
"BN1842_Oligodendrocytes_HC","BN1842_Oligodendrocytes_HC","BN1842","Oligodendrocytes","HC"
"BN1842_OPCs_HC","BN1842_OPCs_HC","BN1842","OPCs","HC"
"BN1842_Pericytes_HC","BN1842_Pericytes_HC","BN1842","Pericytes","HC"
"BN1842_T-Cells_HC","BN1842_T-Cells_HC","BN1842","T_Cells","HC"
"BN1848_Astrocytes_ILB","BN1848_Astrocytes_ILB","BN1848","Astrocytes","ILB"
"BN1848_Endothelial-Cells_ILB","BN1848_Endothelial-Cells_ILB","BN1848","Endothelial_Cells","ILB"
"BN1848_Fibroblast-Like-Cells_ILB","BN1848_Fibroblast-Like-Cells_ILB","BN1848","Fibroblast_Like_Cells","ILB"
"BN1848_GABA-Neurons_ILB","BN1848_GABA-Neurons_ILB","BN1848","GABA_Neurons","ILB"
"BN1848_GLU-Neurons_ILB","BN1848_GLU-Neurons_ILB","BN1848","GLU_Neurons","ILB"
"BN1848_Microglia_ILB","BN1848_Microglia_ILB","BN1848","Microglia","ILB"
"BN1848_Oligodendrocytes_ILB","BN1848_Oligodendrocytes_ILB","BN1848","Oligodendrocytes","ILB"
"BN1848_OPCs_ILB","BN1848_OPCs_ILB","BN1848","OPCs","ILB"
"BN1848_Pericytes_ILB","BN1848_Pericytes_ILB","BN1848","Pericytes","ILB"
"BN1848_T-Cells_ILB","BN1848_T-Cells_ILB","BN1848","T_Cells","ILB"
"BN1849_Astrocytes_ILB","BN1849_Astrocytes_ILB","BN1849","Astrocytes","ILB"
"BN1849_Endothelial-Cells_ILB","BN1849_Endothelial-Cells_ILB","BN1849","Endothelial_Cells","ILB"
"BN1849_Fibroblast-Like-Cells_ILB","BN1849_Fibroblast-Like-Cells_ILB","BN1849","Fibroblast_Like_Cells","ILB"
"BN1849_GABA-Neurons_ILB","BN1849_GABA-Neurons_ILB","BN1849","GABA_Neurons","ILB"
"BN1849_GLU-Neurons_ILB","BN1849_GLU-Neurons_ILB","BN1849","GLU_Neurons","ILB"
"BN1849_Microglia_ILB","BN1849_Microglia_ILB","BN1849","Microglia","ILB"
"BN1849_Oligodendrocytes_ILB","BN1849_Oligodendrocytes_ILB","BN1849","Oligodendrocytes","ILB"
"BN1849_OPCs_ILB","BN1849_OPCs_ILB","BN1849","OPCs","ILB"
"BN1849_Pericytes_ILB","BN1849_Pericytes_ILB","BN1849","Pericytes","ILB"
"BN1849_T-Cells_ILB","BN1849_T-Cells_ILB","BN1849","T_Cells","ILB"
"BN1855_Astrocytes_HC","BN1855_Astrocytes_HC","BN1855","Astrocytes","HC"
"BN1855_Endothelial-Cells_HC","BN1855_Endothelial-Cells_HC","BN1855","Endothelial_Cells","HC"
"BN1855_Fibroblast-Like-Cells_HC","BN1855_Fibroblast-Like-Cells_HC","BN1855","Fibroblast_Like_Cells","HC"
"BN1855_GABA-Neurons_HC","BN1855_GABA-Neurons_HC","BN1855","GABA_Neurons","HC"
"BN1855_GLU-Neurons_HC","BN1855_GLU-Neurons_HC","BN1855","GLU_Neurons","HC"
"BN1855_Microglia_HC","BN1855_Microglia_HC","BN1855","Microglia","HC"
"BN1855_Oligodendrocytes_HC","BN1855_Oligodendrocytes_HC","BN1855","Oligodendrocytes","HC"
"BN1855_OPCs_HC","BN1855_OPCs_HC","BN1855","OPCs","HC"
"BN1855_Pericytes_HC","BN1855_Pericytes_HC","BN1855","Pericytes","HC"
"BN1855_T-Cells_HC","BN1855_T-Cells_HC","BN1855","T_Cells","HC"
"BN1862_Astrocytes_ILB","BN1862_Astrocytes_ILB","BN1862","Astrocytes","ILB"
"BN1862_Endothelial-Cells_ILB","BN1862_Endothelial-Cells_ILB","BN1862","Endothelial_Cells","ILB"
"BN1862_Fibroblast-Like-Cells_ILB","BN1862_Fibroblast-Like-Cells_ILB","BN1862","Fibroblast_Like_Cells","ILB"
"BN1862_GABA-Neurons_ILB","BN1862_GABA-Neurons_ILB","BN1862","GABA_Neurons","ILB"
"BN1862_GLU-Neurons_ILB","BN1862_GLU-Neurons_ILB","BN1862","GLU_Neurons","ILB"
"BN1862_Microglia_ILB","BN1862_Microglia_ILB","BN1862","Microglia","ILB"
"BN1862_Oligodendrocytes_ILB","BN1862_Oligodendrocytes_ILB","BN1862","Oligodendrocytes","ILB"
"BN1862_OPCs_ILB","BN1862_OPCs_ILB","BN1862","OPCs","ILB"
"BN1862_Pericytes_ILB","BN1862_Pericytes_ILB","BN1862","Pericytes","ILB"
"BN1862_T-Cells_ILB","BN1862_T-Cells_ILB","BN1862","T_Cells","ILB"
"BN1865_Astrocytes_PD","BN1865_Astrocytes_PD","BN1865","Astrocytes","PD"
"BN1865_Endothelial-Cells_PD","BN1865_Endothelial-Cells_PD","BN1865","Endothelial_Cells","PD"
"BN1865_Fibroblast-Like-Cells_PD","BN1865_Fibroblast-Like-Cells_PD","BN1865","Fibroblast_Like_Cells","PD"
"BN1865_GABA-Neurons_PD","BN1865_GABA-Neurons_PD","BN1865","GABA_Neurons","PD"
"BN1865_GLU-Neurons_PD","BN1865_GLU-Neurons_PD","BN1865","GLU_Neurons","PD"
"BN1865_Microglia_PD","BN1865_Microglia_PD","BN1865","Microglia","PD"
"BN1865_Oligodendrocytes_PD","BN1865_Oligodendrocytes_PD","BN1865","Oligodendrocytes","PD"
"BN1865_OPCs_PD","BN1865_OPCs_PD","BN1865","OPCs","PD"
"BN1865_Pericytes_PD","BN1865_Pericytes_PD","BN1865","Pericytes","PD"
"BN1872_Astrocytes_PD","BN1872_Astrocytes_PD","BN1872","Astrocytes","PD"
"BN1872_Endothelial-Cells_PD","BN1872_Endothelial-Cells_PD","BN1872","Endothelial_Cells","PD"
"BN1872_Fibroblast-Like-Cells_PD","BN1872_Fibroblast-Like-Cells_PD","BN1872","Fibroblast_Like_Cells","PD"
"BN1872_GABA-Neurons_PD","BN1872_GABA-Neurons_PD","BN1872","GABA_Neurons","PD"
"BN1872_GLU-Neurons_PD","BN1872_GLU-Neurons_PD","BN1872","GLU_Neurons","PD"
"BN1872_Microglia_PD","BN1872_Microglia_PD","BN1872","Microglia","PD"
"BN1872_Oligodendrocytes_PD","BN1872_Oligodendrocytes_PD","BN1872","Oligodendrocytes","PD"
"BN1872_OPCs_PD","BN1872_OPCs_PD","BN1872","OPCs","PD"
"BN1872_Pericytes_PD","BN1872_Pericytes_PD","BN1872","Pericytes","PD"
"BN1872_T-Cells_PD","BN1872_T-Cells_PD","BN1872","T_Cells","PD"
"BN1878_Astrocytes_HC","BN1878_Astrocytes_HC","BN1878","Astrocytes","HC"
"BN1878_Endothelial-Cells_HC","BN1878_Endothelial-Cells_HC","BN1878","Endothelial_Cells","HC"
"BN1878_Fibroblast-Like-Cells_HC","BN1878_Fibroblast-Like-Cells_HC","BN1878","Fibroblast_Like_Cells","HC"
"BN1878_GABA-Neurons_HC","BN1878_GABA-Neurons_HC","BN1878","GABA_Neurons","HC"
"BN1878_GLU-Neurons_HC","BN1878_GLU-Neurons_HC","BN1878","GLU_Neurons","HC"
"BN1878_Microglia_HC","BN1878_Microglia_HC","BN1878","Microglia","HC"
"BN1878_Oligodendrocytes_HC","BN1878_Oligodendrocytes_HC","BN1878","Oligodendrocytes","HC"
"BN1878_OPCs_HC","BN1878_OPCs_HC","BN1878","OPCs","HC"
"BN1878_Pericytes_HC","BN1878_Pericytes_HC","BN1878","Pericytes","HC"
"BN1878_T-Cells_HC","BN1878_T-Cells_HC","BN1878","T_Cells","HC"
"BN1902_Astrocytes_PD","BN1902_Astrocytes_PD","BN1902","Astrocytes","PD"
"BN1902_Endothelial-Cells_PD","BN1902_Endothelial-Cells_PD","BN1902","Endothelial_Cells","PD"
"BN1902_Fibroblast-Like-Cells_PD","BN1902_Fibroblast-Like-Cells_PD","BN1902","Fibroblast_Like_Cells","PD"
"BN1902_GABA-Neurons_PD","BN1902_GABA-Neurons_PD","BN1902","GABA_Neurons","PD"
"BN1902_GLU-Neurons_PD","BN1902_GLU-Neurons_PD","BN1902","GLU_Neurons","PD"
"BN1902_Microglia_PD","BN1902_Microglia_PD","BN1902","Microglia","PD"
"BN1902_Oligodendrocytes_PD","BN1902_Oligodendrocytes_PD","BN1902","Oligodendrocytes","PD"
"BN1902_OPCs_PD","BN1902_OPCs_PD","BN1902","OPCs","PD"
"BN1902_Pericytes_PD","BN1902_Pericytes_PD","BN1902","Pericytes","PD"
"BN1902_T-Cells_PD","BN1902_T-Cells_PD","BN1902","T_Cells","PD"
"BN1910_Astrocytes_ILB","BN1910_Astrocytes_ILB","BN1910","Astrocytes","ILB"
"BN1910_Endothelial-Cells_ILB","BN1910_Endothelial-Cells_ILB","BN1910","Endothelial_Cells","ILB"
"BN1910_Fibroblast-Like-Cells_ILB","BN1910_Fibroblast-Like-Cells_ILB","BN1910","Fibroblast_Like_Cells","ILB"
"BN1910_GABA-Neurons_ILB","BN1910_GABA-Neurons_ILB","BN1910","GABA_Neurons","ILB"
"BN1910_GLU-Neurons_ILB","BN1910_GLU-Neurons_ILB","BN1910","GLU_Neurons","ILB"
"BN1910_Microglia_ILB","BN1910_Microglia_ILB","BN1910","Microglia","ILB"
"BN1910_Oligodendrocytes_ILB","BN1910_Oligodendrocytes_ILB","BN1910","Oligodendrocytes","ILB"
"BN1910_OPCs_ILB","BN1910_OPCs_ILB","BN1910","OPCs","ILB"
"BN1910_Pericytes_ILB","BN1910_Pericytes_ILB","BN1910","Pericytes","ILB"
"BN1910_T-Cells_ILB","BN1910_T-Cells_ILB","BN1910","T_Cells","ILB"
"BN1934_Astrocytes_HC","BN1934_Astrocytes_HC","BN1934","Astrocytes","HC"
"BN1934_Endothelial-Cells_HC","BN1934_Endothelial-Cells_HC","BN1934","Endothelial_Cells","HC"
"BN1934_Fibroblast-Like-Cells_HC","BN1934_Fibroblast-Like-Cells_HC","BN1934","Fibroblast_Like_Cells","HC"
"BN1934_GABA-Neurons_HC","BN1934_GABA-Neurons_HC","BN1934","GABA_Neurons","HC"
"BN1934_GLU-Neurons_HC","BN1934_GLU-Neurons_HC","BN1934","GLU_Neurons","HC"
"BN1934_Microglia_HC","BN1934_Microglia_HC","BN1934","Microglia","HC"
"BN1934_Oligodendrocytes_HC","BN1934_Oligodendrocytes_HC","BN1934","Oligodendrocytes","HC"
"BN1934_OPCs_HC","BN1934_OPCs_HC","BN1934","OPCs","HC"
"BN1934_Pericytes_HC","BN1934_Pericytes_HC","BN1934","Pericytes","HC"
"BN1934_T-Cells_HC","BN1934_T-Cells_HC","BN1934","T_Cells","HC"
"BN1939_Astrocytes_ILB","BN1939_Astrocytes_ILB","BN1939","Astrocytes","ILB"
"BN1939_Endothelial-Cells_ILB","BN1939_Endothelial-Cells_ILB","BN1939","Endothelial_Cells","ILB"
"BN1939_Fibroblast-Like-Cells_ILB","BN1939_Fibroblast-Like-Cells_ILB","BN1939","Fibroblast_Like_Cells","ILB"
"BN1939_GABA-Neurons_ILB","BN1939_GABA-Neurons_ILB","BN1939","GABA_Neurons","ILB"
"BN1939_GLU-Neurons_ILB","BN1939_GLU-Neurons_ILB","BN1939","GLU_Neurons","ILB"
"BN1939_Microglia_ILB","BN1939_Microglia_ILB","BN1939","Microglia","ILB"
"BN1939_Oligodendrocytes_ILB","BN1939_Oligodendrocytes_ILB","BN1939","Oligodendrocytes","ILB"
"BN1939_OPCs_ILB","BN1939_OPCs_ILB","BN1939","OPCs","ILB"
"BN1939_Pericytes_ILB","BN1939_Pericytes_ILB","BN1939","Pericytes","ILB"
"BN1939_T-Cells_ILB","BN1939_T-Cells_ILB","BN1939","T_Cells","ILB"
"BN1957_Astrocytes_PD","BN1957_Astrocytes_PD","BN1957","Astrocytes","PD"
"BN1957_Endothelial-Cells_PD","BN1957_Endothelial-Cells_PD","BN1957","Endothelial_Cells","PD"
"BN1957_Fibroblast-Like-Cells_PD","BN1957_Fibroblast-Like-Cells_PD","BN1957","Fibroblast_Like_Cells","PD"
"BN1957_GABA-Neurons_PD","BN1957_GABA-Neurons_PD","BN1957","GABA_Neurons","PD"
"BN1957_GLU-Neurons_PD","BN1957_GLU-Neurons_PD","BN1957","GLU_Neurons","PD"
"BN1957_Microglia_PD","BN1957_Microglia_PD","BN1957","Microglia","PD"
"BN1957_Oligodendrocytes_PD","BN1957_Oligodendrocytes_PD","BN1957","Oligodendrocytes","PD"
"BN1957_OPCs_PD","BN1957_OPCs_PD","BN1957","OPCs","PD"
"BN1957_Pericytes_PD","BN1957_Pericytes_PD","BN1957","Pericytes","PD"
"BN1957_T-Cells_PD","BN1957_T-Cells_PD","BN1957","T_Cells","PD"
"BN1959_Astrocytes_PD","BN1959_Astrocytes_PD","BN1959","Astrocytes","PD"
"BN1959_Endothelial-Cells_PD","BN1959_Endothelial-Cells_PD","BN1959","Endothelial_Cells","PD"
"BN1959_Fibroblast-Like-Cells_PD","BN1959_Fibroblast-Like-Cells_PD","BN1959","Fibroblast_Like_Cells","PD"
"BN1959_GABA-Neurons_PD","BN1959_GABA-Neurons_PD","BN1959","GABA_Neurons","PD"
"BN1959_GLU-Neurons_PD","BN1959_GLU-Neurons_PD","BN1959","GLU_Neurons","PD"
"BN1959_Microglia_PD","BN1959_Microglia_PD","BN1959","Microglia","PD"
"BN1959_Oligodendrocytes_PD","BN1959_Oligodendrocytes_PD","BN1959","Oligodendrocytes","PD"
"BN1959_OPCs_PD","BN1959_OPCs_PD","BN1959","OPCs","PD"
"BN1959_Pericytes_PD","BN1959_Pericytes_PD","BN1959","Pericytes","PD"
"BN1959_T-Cells_PD","BN1959_T-Cells_PD","BN1959","T_Cells","PD"
"BN1960_Astrocytes_PD","BN1960_Astrocytes_PD","BN1960","Astrocytes","PD"
"BN1960_Endothelial-Cells_PD","BN1960_Endothelial-Cells_PD","BN1960","Endothelial_Cells","PD"
"BN1960_Fibroblast-Like-Cells_PD","BN1960_Fibroblast-Like-Cells_PD","BN1960","Fibroblast_Like_Cells","PD"
"BN1960_GABA-Neurons_PD","BN1960_GABA-Neurons_PD","BN1960","GABA_Neurons","PD"
"BN1960_GLU-Neurons_PD","BN1960_GLU-Neurons_PD","BN1960","GLU_Neurons","PD"
"BN1960_Microglia_PD","BN1960_Microglia_PD","BN1960","Microglia","PD"
"BN1960_Oligodendrocytes_PD","BN1960_Oligodendrocytes_PD","BN1960","Oligodendrocytes","PD"
"BN1960_OPCs_PD","BN1960_OPCs_PD","BN1960","OPCs","PD"
"BN1960_Pericytes_PD","BN1960_Pericytes_PD","BN1960","Pericytes","PD"
"BN1960_T-Cells_PD","BN1960_T-Cells_PD","BN1960","T_Cells","PD"
"BN1974_Astrocytes_ILB","BN1974_Astrocytes_ILB","BN1974","Astrocytes","ILB"
"BN1974_Endothelial-Cells_ILB","BN1974_Endothelial-Cells_ILB","BN1974","Endothelial_Cells","ILB"
"BN1974_Fibroblast-Like-Cells_ILB","BN1974_Fibroblast-Like-Cells_ILB","BN1974","Fibroblast_Like_Cells","ILB"
"BN1974_GABA-Neurons_ILB","BN1974_GABA-Neurons_ILB","BN1974","GABA_Neurons","ILB"
"BN1974_GLU-Neurons_ILB","BN1974_GLU-Neurons_ILB","BN1974","GLU_Neurons","ILB"
"BN1974_Microglia_ILB","BN1974_Microglia_ILB","BN1974","Microglia","ILB"
"BN1974_Oligodendrocytes_ILB","BN1974_Oligodendrocytes_ILB","BN1974","Oligodendrocytes","ILB"
"BN1974_OPCs_ILB","BN1974_OPCs_ILB","BN1974","OPCs","ILB"
"BN1974_Pericytes_ILB","BN1974_Pericytes_ILB","BN1974","Pericytes","ILB"
"BN1974_T-Cells_ILB","BN1974_T-Cells_ILB","BN1974","T_Cells","ILB"
"BN2003_Astrocytes_PD","BN2003_Astrocytes_PD","BN2003","Astrocytes","PD"
"BN2003_Endothelial-Cells_PD","BN2003_Endothelial-Cells_PD","BN2003","Endothelial_Cells","PD"
"BN2003_Fibroblast-Like-Cells_PD","BN2003_Fibroblast-Like-Cells_PD","BN2003","Fibroblast_Like_Cells","PD"
"BN2003_GABA-Neurons_PD","BN2003_GABA-Neurons_PD","BN2003","GABA_Neurons","PD"
"BN2003_GLU-Neurons_PD","BN2003_GLU-Neurons_PD","BN2003","GLU_Neurons","PD"
"BN2003_Microglia_PD","BN2003_Microglia_PD","BN2003","Microglia","PD"
"BN2003_Oligodendrocytes_PD","BN2003_Oligodendrocytes_PD","BN2003","Oligodendrocytes","PD"
"BN2003_OPCs_PD","BN2003_OPCs_PD","BN2003","OPCs","PD"
"BN2003_Pericytes_PD","BN2003_Pericytes_PD","BN2003","Pericytes","PD"
"BN2003_T-Cells_PD","BN2003_T-Cells_PD","BN2003","T_Cells","PD"
"BN2015_Astrocytes_ILB","BN2015_Astrocytes_ILB","BN2015","Astrocytes","ILB"
"BN2015_Endothelial-Cells_ILB","BN2015_Endothelial-Cells_ILB","BN2015","Endothelial_Cells","ILB"
"BN2015_Fibroblast-Like-Cells_ILB","BN2015_Fibroblast-Like-Cells_ILB","BN2015","Fibroblast_Like_Cells","ILB"
"BN2015_GABA-Neurons_ILB","BN2015_GABA-Neurons_ILB","BN2015","GABA_Neurons","ILB"
"BN2015_GLU-Neurons_ILB","BN2015_GLU-Neurons_ILB","BN2015","GLU_Neurons","ILB"
"BN2015_Microglia_ILB","BN2015_Microglia_ILB","BN2015","Microglia","ILB"
"BN2015_Oligodendrocytes_ILB","BN2015_Oligodendrocytes_ILB","BN2015","Oligodendrocytes","ILB"
"BN2015_OPCs_ILB","BN2015_OPCs_ILB","BN2015","OPCs","ILB"
"BN2015_Pericytes_ILB","BN2015_Pericytes_ILB","BN2015","Pericytes","ILB"
"BN2015_T-Cells_ILB","BN2015_T-Cells_ILB","BN2015","T_Cells","ILB"
"BN9944_Astrocytes_HC","BN9944_Astrocytes_HC","BN9944","Astrocytes","HC"
"BN9944_Endothelial-Cells_HC","BN9944_Endothelial-Cells_HC","BN9944","Endothelial_Cells","HC"
"BN9944_Fibroblast-Like-Cells_HC","BN9944_Fibroblast-Like-Cells_HC","BN9944","Fibroblast_Like_Cells","HC"
"BN9944_GABA-Neurons_HC","BN9944_GABA-Neurons_HC","BN9944","GABA_Neurons","HC"
"BN9944_GLU-Neurons_HC","BN9944_GLU-Neurons_HC","BN9944","GLU_Neurons","HC"
"BN9944_Microglia_HC","BN9944_Microglia_HC","BN9944","Microglia","HC"
"BN9944_Oligodendrocytes_HC","BN9944_Oligodendrocytes_HC","BN9944","Oligodendrocytes","HC"
"BN9944_OPCs_HC","BN9944_OPCs_HC","BN9944","OPCs","HC"
"BN9944_Pericytes_HC","BN9944_Pericytes_HC","BN9944","Pericytes","HC"
"BN9944_T-Cells_HC","BN9944_T-Cells_HC","BN9944","T_Cells","HC"
"BN9947_Astrocytes_ILB","BN9947_Astrocytes_ILB","BN9947","Astrocytes","ILB"
"BN9947_Endothelial-Cells_ILB","BN9947_Endothelial-Cells_ILB","BN9947","Endothelial_Cells","ILB"
"BN9947_Fibroblast-Like-Cells_ILB","BN9947_Fibroblast-Like-Cells_ILB","BN9947","Fibroblast_Like_Cells","ILB"
"BN9947_GABA-Neurons_ILB","BN9947_GABA-Neurons_ILB","BN9947","GABA_Neurons","ILB"
"BN9947_GLU-Neurons_ILB","BN9947_GLU-Neurons_ILB","BN9947","GLU_Neurons","ILB"
"BN9947_Microglia_ILB","BN9947_Microglia_ILB","BN9947","Microglia","ILB"
"BN9947_Oligodendrocytes_ILB","BN9947_Oligodendrocytes_ILB","BN9947","Oligodendrocytes","ILB"
"BN9947_OPCs_ILB","BN9947_OPCs_ILB","BN9947","OPCs","ILB"
"BN9947_Pericytes_ILB","BN9947_Pericytes_ILB","BN9947","Pericytes","ILB"
"BN9947_T-Cells_ILB","BN9947_T-Cells_ILB","BN9947","T_Cells","ILB"
"BN9966_Astrocytes_ILB","BN9966_Astrocytes_ILB","BN9966","Astrocytes","ILB"
"BN9966_Endothelial-Cells_ILB","BN9966_Endothelial-Cells_ILB","BN9966","Endothelial_Cells","ILB"
"BN9966_Fibroblast-Like-Cells_ILB","BN9966_Fibroblast-Like-Cells_ILB","BN9966","Fibroblast_Like_Cells","ILB"
"BN9966_GABA-Neurons_ILB","BN9966_GABA-Neurons_ILB","BN9966","GABA_Neurons","ILB"
"BN9966_GLU-Neurons_ILB","BN9966_GLU-Neurons_ILB","BN9966","GLU_Neurons","ILB"
"BN9966_Microglia_ILB","BN9966_Microglia_ILB","BN9966","Microglia","ILB"
"BN9966_Oligodendrocytes_ILB","BN9966_Oligodendrocytes_ILB","BN9966","Oligodendrocytes","ILB"
"BN9966_OPCs_ILB","BN9966_OPCs_ILB","BN9966","OPCs","ILB"
"BN9966_Pericytes_ILB","BN9966_Pericytes_ILB","BN9966","Pericytes","ILB"
"BN9966_T-Cells_ILB","BN9966_T-Cells_ILB","BN9966","T_Cells","ILB"
